timestamp,project_name,run_id,experiment_id,duration,emissions,emissions_rate,cpu_power,gpu_power,ram_power,cpu_energy,gpu_energy,ram_energy,energy_consumed,country_name,country_iso_code,region,cloud_provider,cloud_region,os,python_version,codecarbon_version,cpu_count,cpu_model,gpu_count,gpu_model,longitude,latitude,ram_total_size,tracking_mode,on_cloud,pue
2024-10-20T08:42:51,codecarbon,378ca0f4-98a5-474a-b2f4-125b203817e0,5b0fa12a-3dd7-45bb-9766-cc326314d9f1,3.7913163993507615,4.7016667080071085e-05,1.2401145704463594e-05,42.5,133.9559389294945,11.628275871276855,4.475742704235018e-05,0.0001409048349216,1.2228495099933174e-05,0.0001978907570639,United Kingdom,GBR,england,,,Linux-6.8.0-36-generic-x86_64-with-glibc2.35,3.10.12,2.7.1,40,Intel(R) Xeon(R) Silver 4210 CPU @ 2.20GHz,4,4 x NVIDIA GeForce RTX 2080 Ti,-0.3086,51.4126,31.00873565673828,machine,N,1.0
2024-10-20T08:43:59,codecarbon,b7cf90a1-b17d-4276-b1b8-36d7e4b10c6a,5b0fa12a-3dd7-45bb-9766-cc326314d9f1,40.701888946816325,0.00101390464275,2.491050585084396e-05,42.5,337.19391793370994,11.628275871276855,0.0004805000186199,0.0036555784799929,0.0001313945020313,0.0042674730006442,United Kingdom,GBR,england,,,Linux-6.8.0-36-generic-x86_64-with-glibc2.35,3.10.12,2.7.1,40,Intel(R) Xeon(R) Silver 4210 CPU @ 2.20GHz,4,4 x NVIDIA GeForce RTX 2080 Ti,-0.3086,51.4126,31.00873565673828,machine,N,1.0
2024-10-20T11:10:52,codecarbon,7232286a-6a1a-4c2e-a764-39e90b044d7d,5b0fa12a-3dd7-45bb-9766-cc326314d9f1,0.0470526609569788,1.8038636803035408e-07,3.833712363160183e-06,42.5,5.950799576795605,11.628275871276855,5.541043873462412e-07,7.000005552981747e-08,1.3513259263633485e-07,7.592370355123935e-07,United Kingdom,GBR,england,,,Linux-6.8.0-36-generic-x86_64-with-glibc2.35,3.10.12,2.7.1,40,Intel(R) Xeon(R) Silver 4210 CPU @ 2.20GHz,4,4 x NVIDIA GeForce RTX 2080 Ti,-0.3086,51.4126,31.00873565673828,machine,N,1.0
2024-10-20T11:10:58,codecarbon,0f5accce-3576-4fe9-9ed1-ba10abfa9f52,5b0fa12a-3dd7-45bb-9766-cc326314d9f1,0.0470958184450864,2.472502626678281e-07,5.249940882885829e-06,42.5,29.72693590685641,11.628275871276855,5.548840712031557e-07,3.5027807143706013e-07,1.3550161985648254e-07,1.0406637624966983e-06,United Kingdom,GBR,england,,,Linux-6.8.0-36-generic-x86_64-with-glibc2.35,3.10.12,2.7.1,40,Intel(R) Xeon(R) Silver 4210 CPU @ 2.20GHz,4,4 x NVIDIA GeForce RTX 2080 Ti,-0.3086,51.4126,31.00873565673828,machine,N,1.0
2024-10-20T11:11:14,codecarbon,0f5accce-3576-4fe9-9ed1-ba10abfa9f52,5b0fa12a-3dd7-45bb-9766-cc326314d9f1,15.74495078995824,0.0003791770716953,2.408245517903843e-05,42.5,311.735592067794,11.628275871276855,0.0001858756848378,0.0013592380318243,5.0823265670069736e-05,0.0015959369823322,United Kingdom,GBR,england,,,Linux-6.8.0-36-generic-x86_64-with-glibc2.35,3.10.12,2.7.1,40,Intel(R) Xeon(R) Silver 4210 CPU @ 2.20GHz,4,4 x NVIDIA GeForce RTX 2080 Ti,-0.3086,51.4126,31.00873565673828,machine,N,1.0
2024-10-20T11:18:27,codecarbon,273e39d3-3a66-48df-a785-62d569b25805,5b0fa12a-3dd7-45bb-9766-cc326314d9f1,0.0460280049592256,1.6007255552312946e-07,3.477720915015353e-06,42.5,0.0,11.628275871276855,5.418261202673118e-07,0.0,1.3191111303527978e-07,6.737372333025916e-07,United Kingdom,GBR,england,,,Linux-6.8.0-36-generic-x86_64-with-glibc2.35,3.10.12,2.7.1,40,Intel(R) Xeon(R) Silver 4210 CPU @ 2.20GHz,4,4 x NVIDIA GeForce RTX 2080 Ti,-0.3086,51.4126,31.00873565673828,machine,N,1.0
2024-10-20T11:18:32,codecarbon,273e39d3-3a66-48df-a785-62d569b25805,5b0fa12a-3dd7-45bb-9766-cc326314d9f1,4.43618287704885,9.65092610900196e-05,2.175502312795137e-05,42.5,278.7420986022969,11.628275871276855,5.236875000021732e-05,0.0003395386049618,1.4295209508611577e-05,0.0004062025644706,United Kingdom,GBR,england,,,Linux-6.8.0-36-generic-x86_64-with-glibc2.35,3.10.12,2.7.1,40,Intel(R) Xeon(R) Silver 4210 CPU @ 2.20GHz,4,4 x NVIDIA GeForce RTX 2080 Ti,-0.3086,51.4126,31.00873565673828,machine,N,1.0
2024-10-20T11:19:06,codecarbon,45f98ecc-66ac-4c76-ba77-072137251b1a,5b0fa12a-3dd7-45bb-9766-cc326314d9f1,0.0476921666413545,2.245977336727153e-07,4.709321246855734e-06,42.5,20.55221298893767,11.628275871276855,5.619347380060288e-07,2.458335188748606e-07,1.3755216482514614e-07,9.453204217060356e-07,United Kingdom,GBR,england,,,Linux-6.8.0-36-generic-x86_64-with-glibc2.35,3.10.12,2.7.1,40,Intel(R) Xeon(R) Silver 4210 CPU @ 2.20GHz,4,4 x NVIDIA GeForce RTX 2080 Ti,-0.3086,51.4126,31.00873565673828,machine,N,1.0
2024-10-20T11:19:14,codecarbon,45f98ecc-66ac-4c76-ba77-072137251b1a,5b0fa12a-3dd7-45bb-9766-cc326314d9f1,8.6504849139601,0.0002032596796221,2.3496911634872253e-05,42.5,303.6220453086093,11.628275871276855,0.0001021216625955,0.0007254764137343,2.7911562677449184e-05,0.0008555096390073,United Kingdom,GBR,england,,,Linux-6.8.0-36-generic-x86_64-with-glibc2.35,3.10.12,2.7.1,40,Intel(R) Xeon(R) Silver 4210 CPU @ 2.20GHz,4,4 x NVIDIA GeForce RTX 2080 Ti,-0.3086,51.4126,31.00873565673828,machine,N,1.0
2024-10-20T11:20:17,codecarbon,a723db6a-5ca8-4a89-a9cc-9d5eb8e3ecc9,5b0fa12a-3dd7-45bb-9766-cc326314d9f1,0.044697368517518,1.7608536703000165e-07,3.939501873829312e-06,42.5,7.802504730651941,11.628275871276855,5.262973783020344e-07,8.694449604718103e-08,1.2789246701339666e-07,7.411343413626121e-07,United Kingdom,GBR,england,,,Linux-6.8.0-36-generic-x86_64-with-glibc2.35,3.10.12,2.7.1,40,Intel(R) Xeon(R) Silver 4210 CPU @ 2.20GHz,4,4 x NVIDIA GeForce RTX 2080 Ti,-0.3086,51.4126,31.00873565673828,machine,N,1.0
2024-10-20T11:20:25,codecarbon,a723db6a-5ca8-4a89-a9cc-9d5eb8e3ecc9,5b0fa12a-3dd7-45bb-9766-cc326314d9f1,8.647804740816355,0.0002042875087969,2.362304826712369e-05,42.5,305.4982052157755,11.628275871276855,0.0001020896503468,0.0007298425283153,2.7903540992171576e-05,0.0008598357196543,United Kingdom,GBR,england,,,Linux-6.8.0-36-generic-x86_64-with-glibc2.35,3.10.12,2.7.1,40,Intel(R) Xeon(R) Silver 4210 CPU @ 2.20GHz,4,4 x NVIDIA GeForce RTX 2080 Ti,-0.3086,51.4126,31.00873565673828,machine,N,1.0
2024-10-20T11:20:52,codecarbon,d0fa3c8f-980e-4363-9c54-fe532a31c0ef,5b0fa12a-3dd7-45bb-9766-cc326314d9f1,0.0464376509189605,3.367439146847325e-07,7.25152775863689e-06,42.5,63.84379178712248,11.628275871276855,5.468522741769751e-07,7.377783646234093e-07,1.3270734690068974e-07,1.417337985701074e-06,United Kingdom,GBR,england,,,Linux-6.8.0-36-generic-x86_64-with-glibc2.35,3.10.12,2.7.1,40,Intel(R) Xeon(R) Silver 4210 CPU @ 2.20GHz,4,4 x NVIDIA GeForce RTX 2080 Ti,-0.3086,51.4126,31.00873565673828,machine,N,1.0
2024-10-20T11:21:01,codecarbon,d0fa3c8f-980e-4363-9c54-fe532a31c0ef,5b0fa12a-3dd7-45bb-9766-cc326314d9f1,8.685678182169795,0.0002056777935989,2.3680107561573896e-05,42.5,306.1641279434712,11.628275871276855,0.0001025368632373,0.0007351266992117,2.8023795126382022e-05,0.0008656873575754,United Kingdom,GBR,england,,,Linux-6.8.0-36-generic-x86_64-with-glibc2.35,3.10.12,2.7.1,40,Intel(R) Xeon(R) Silver 4210 CPU @ 2.20GHz,4,4 x NVIDIA GeForce RTX 2080 Ti,-0.3086,51.4126,31.00873565673828,machine,N,1.0
2024-10-21T16:01:06,codecarbon,32abc631-6b68-442c-a456-b8aefbbc84a0,5b0fa12a-3dd7-45bb-9766-cc326314d9f1,0.0478112325072288,2.6718697076045106e-07,5.588372370866063e-06,42.5,35.40913368599929,11.628275871276855,5.629224211184516e-07,4.241669842031115e-07,1.3748694611074676e-07,1.1245763514323098e-06,United Kingdom,GBR,england,,,Linux-6.8.0-36-generic-x86_64-with-glibc2.35,3.10.12,2.7.1,40,Intel(R) Xeon(R) Silver 4210 CPU @ 2.20GHz,4,4 x NVIDIA GeForce RTX 2080 Ti,-0.3086,51.4126,31.00873565673828,machine,N,1.0
2024-10-21T16:01:10,codecarbon,32abc631-6b68-442c-a456-b8aefbbc84a0,5b0fa12a-3dd7-45bb-9766-cc326314d9f1,4.293895063921809,9.127206322056548e-05,2.125623981532575e-05,42.5,270.90739660457206,11.628275871276855,5.068924190321316e-05,0.0003196324779111,1.3837745567342647e-05,0.0003841594653816,United Kingdom,GBR,england,,,Linux-6.8.0-36-generic-x86_64-with-glibc2.35,3.10.12,2.7.1,40,Intel(R) Xeon(R) Silver 4210 CPU @ 2.20GHz,4,4 x NVIDIA GeForce RTX 2080 Ti,-0.3086,51.4126,31.00873565673828,machine,N,1.0
2024-10-21T16:01:26,codecarbon,35f64d22-566c-498d-a806-23f0f71570bc,5b0fa12a-3dd7-45bb-9766-cc326314d9f1,0.0482739098370075,5.154351639044999e-07,1.067730303273176e-05,42.5,119.40052196040112,11.628275871276855,5.685628314192096e-07,1.460556731558427e-06,1.403207894986987e-07,2.169440352476335e-06,United Kingdom,GBR,england,,,Linux-6.8.0-36-generic-x86_64-with-glibc2.35,3.10.12,2.7.1,40,Intel(R) Xeon(R) Silver 4210 CPU @ 2.20GHz,4,4 x NVIDIA GeForce RTX 2080 Ti,-0.3086,51.4126,31.00873565673828,machine,N,1.0
2024-10-21T16:01:32,codecarbon,6e329515-b794-4259-a5cf-eadf98905a8b,5b0fa12a-3dd7-45bb-9766-cc326314d9f1,0.0449154302477836,2.0974907609046322e-07,4.669866790395783e-06,42.5,20.170539305975343,11.628275871276855,5.28914531848083e-07,2.255557376429352e-07,1.283529087304617e-07,8.828231782214798e-07,United Kingdom,GBR,england,,,Linux-6.8.0-36-generic-x86_64-with-glibc2.35,3.10.12,2.7.1,40,Intel(R) Xeon(R) Silver 4210 CPU @ 2.20GHz,4,4 x NVIDIA GeForce RTX 2080 Ti,-0.3086,51.4126,31.00873565673828,machine,N,1.0
2024-10-21T16:01:36,codecarbon,6e329515-b794-4259-a5cf-eadf98905a8b,5b0fa12a-3dd7-45bb-9766-cc326314d9f1,4.167931186035276,9.081723161066758e-05,2.1789522800892747e-05,42.5,279.1518310593807,11.628275871276855,4.920242874520935e-05,0.0003196113668053,1.3431306750746258e-05,0.0003822451023013,United Kingdom,GBR,england,,,Linux-6.8.0-36-generic-x86_64-with-glibc2.35,3.10.12,2.7.1,40,Intel(R) Xeon(R) Silver 4210 CPU @ 2.20GHz,4,4 x NVIDIA GeForce RTX 2080 Ti,-0.3086,51.4126,31.00873565673828,machine,N,1.0
2024-10-21T16:01:48,codecarbon,5a53a9f7-134f-4a1b-9689-53bb5ea902ab,5b0fa12a-3dd7-45bb-9766-cc326314d9f1,0.0466674454510211,1.6280668507823673e-07,3.488656460725003e-06,42.5,0.0,11.628275871276855,5.496993065915174e-07,0.0,1.355457387524872e-07,6.852450453440047e-07,United Kingdom,GBR,england,,,Linux-6.8.0-36-generic-x86_64-with-glibc2.35,3.10.12,2.7.1,40,Intel(R) Xeon(R) Silver 4210 CPU @ 2.20GHz,4,4 x NVIDIA GeForce RTX 2080 Ti,-0.3086,51.4126,31.00873565673828,machine,N,1.0
2024-10-21T16:01:53,codecarbon,5a53a9f7-134f-4a1b-9689-53bb5ea902ab,5b0fa12a-3dd7-45bb-9766-cc326314d9f1,4.163618260994554,9.067995113268596e-05,2.177912225580101e-05,42.5,279.3118984497005,11.628275871276855,4.915139706572519e-05,0.0003190969219701,1.3418976725618508e-05,0.0003816672957615,United Kingdom,GBR,england,,,Linux-6.8.0-36-generic-x86_64-with-glibc2.35,3.10.12,2.7.1,40,Intel(R) Xeon(R) Silver 4210 CPU @ 2.20GHz,4,4 x NVIDIA GeForce RTX 2080 Ti,-0.3086,51.4126,31.00873565673828,machine,N,1.0
2024-10-21T16:02:01,codecarbon,a8b88eaa-dcd8-45c8-a84e-09b212b960a7,5b0fa12a-3dd7-45bb-9766-cc326314d9f1,0.0453745368868112,5.108137368599665e-07,1.125771791642113e-05,42.5,135.07833713538466,11.628275871276855,5.345315012770394e-07,1.4888900921050665e-06,1.265674080445874e-07,2.149989001426693e-06,United Kingdom,GBR,england,,,Linux-6.8.0-36-generic-x86_64-with-glibc2.35,3.10.12,2.7.1,40,Intel(R) Xeon(R) Silver 4210 CPU @ 2.20GHz,4,4 x NVIDIA GeForce RTX 2080 Ti,-0.3086,51.4126,31.00873565673828,machine,N,1.0
2024-10-21T16:02:05,codecarbon,a8b88eaa-dcd8-45c8-a84e-09b212b960a7,5b0fa12a-3dd7-45bb-9766-cc326314d9f1,4.166735865175724,9.06814383725083e-05,2.176318377423331e-05,42.5,277.67589655201755,11.628275871276855,4.918845413744243e-05,0.0003190608108241,1.3424290516637984e-05,0.0003816735554781,United Kingdom,GBR,england,,,Linux-6.8.0-36-generic-x86_64-with-glibc2.35,3.10.12,2.7.1,40,Intel(R) Xeon(R) Silver 4210 CPU @ 2.20GHz,4,4 x NVIDIA GeForce RTX 2080 Ti,-0.3086,51.4126,31.00873565673828,machine,N,1.0
2024-10-21T16:02:13,codecarbon,8a3b5440-88d1-4809-a425-ef3bb5dfa521,5b0fa12a-3dd7-45bb-9766-cc326314d9f1,0.0485960841178894,1.904112844966687e-07,3.9182433719299125e-06,42.5,7.138105226229473,11.628275871276855,5.723955678857036e-07,8.777783477853519e-08,1.4125799566088837e-07,8.014313983251272e-07,United Kingdom,GBR,england,,,Linux-6.8.0-36-generic-x86_64-with-glibc2.35,3.10.12,2.7.1,40,Intel(R) Xeon(R) Silver 4210 CPU @ 2.20GHz,4,4 x NVIDIA GeForce RTX 2080 Ti,-0.3086,51.4126,31.00873565673828,machine,N,1.0
2024-10-21T16:02:17,codecarbon,8a3b5440-88d1-4809-a425-ef3bb5dfa521,5b0fa12a-3dd7-45bb-9766-cc326314d9f1,4.152389355003834,9.216361683066172e-05,2.219532152484689e-05,42.5,285.8241590244735,11.628275871276855,4.901902089930243e-05,0.0003255135937507,1.3379354467444095e-05,0.0003879119691175,United Kingdom,GBR,england,,,Linux-6.8.0-36-generic-x86_64-with-glibc2.35,3.10.12,2.7.1,40,Intel(R) Xeon(R) Silver 4210 CPU @ 2.20GHz,4,4 x NVIDIA GeForce RTX 2080 Ti,-0.3086,51.4126,31.00873565673828,machine,N,1.0
2024-10-21T16:02:33,codecarbon,6d1e4da3-aad3-4ba2-aa6e-78dd4be2c844,5b0fa12a-3dd7-45bb-9766-cc326314d9f1,3.872767236083746,4.816680021947764e-05,1.2437308333610386e-05,42.5,134.4640956861739,11.628275871276855,4.57188852946274e-05,0.0001445167823135,1.2495941260424309e-05,0.0002027316088685,United Kingdom,GBR,england,,,Linux-6.8.0-36-generic-x86_64-with-glibc2.35,3.10.12,2.7.1,40,Intel(R) Xeon(R) Silver 4210 CPU @ 2.20GHz,4,4 x NVIDIA GeForce RTX 2080 Ti,-0.3086,51.4126,31.00873565673828,machine,N,1.0
2024-10-21T16:02:40,codecarbon,ea1a4ac7-567f-4a0d-9738-81d33e8e81ba,5b0fa12a-3dd7-45bb-9766-cc326314d9f1,0.0448079723864793,5.575723138038182e-07,1.244359617513207e-05,42.5,149.4880261325906,11.628275871276855,5.278611219384605e-07,1.6891680019170965e-06,1.2976434639693076e-07,2.346793470252488e-06,United Kingdom,GBR,england,,,Linux-6.8.0-36-generic-x86_64-with-glibc2.35,3.10.12,2.7.1,40,Intel(R) Xeon(R) Silver 4210 CPU @ 2.20GHz,4,4 x NVIDIA GeForce RTX 2080 Ti,-0.3086,51.4126,31.00873565673828,machine,N,1.0
2024-10-21T16:02:45,codecarbon,ea1a4ac7-567f-4a0d-9738-81d33e8e81ba,5b0fa12a-3dd7-45bb-9766-cc326314d9f1,4.3760400004684925,9.683309498227164e-05,2.212801870456048e-05,42.5,282.9333956292038,11.628275871276855,5.165927274178507e-05,0.0003417999956667,1.4106296420949056e-05,0.0004075655648294,United Kingdom,GBR,england,,,Linux-6.8.0-36-generic-x86_64-with-glibc2.35,3.10.12,2.7.1,40,Intel(R) Xeon(R) Silver 4210 CPU @ 2.20GHz,4,4 x NVIDIA GeForce RTX 2080 Ti,-0.3086,51.4126,31.00873565673828,machine,N,1.0
2024-10-21T16:02:56,codecarbon,62541aff-0e87-40db-b441-2d430a05ebf5,5b0fa12a-3dd7-45bb-9766-cc326314d9f1,0.0451663378626108,9.297222718629752e-07,2.058440679186898e-05,42.5,283.5782375961875,11.628275871276855,5.318707424319453e-07,3.2497248270146883e-06,1.3155811975183634e-07,3.91315368919847e-06,United Kingdom,GBR,england,,,Linux-6.8.0-36-generic-x86_64-with-glibc2.35,3.10.12,2.7.1,40,Intel(R) Xeon(R) Silver 4210 CPU @ 2.20GHz,4,4 x NVIDIA GeForce RTX 2080 Ti,-0.3086,51.4126,31.00873565673828,machine,N,1.0
2024-10-21T16:03:00,codecarbon,62541aff-0e87-40db-b441-2d430a05ebf5,5b0fa12a-3dd7-45bb-9766-cc326314d9f1,4.160813085734844,0.0001066214333764,2.562514373499652e-05,42.5,335.28370070650755,11.628275871276855,4.91180712926305e-05,0.0003862333645372,1.34127467560574e-05,0.0004487641825859,United Kingdom,GBR,england,,,Linux-6.8.0-36-generic-x86_64-with-glibc2.35,3.10.12,2.7.1,40,Intel(R) Xeon(R) Silver 4210 CPU @ 2.20GHz,4,4 x NVIDIA GeForce RTX 2080 Ti,-0.3086,51.4126,31.00873565673828,machine,N,1.0
2024-10-21T16:03:09,codecarbon,17ab51e0-d24d-4ec3-b7e1-13f85cbb64a3,5b0fa12a-3dd7-45bb-9766-cc326314d9f1,0.0504750926047563,1.0243147917719507e-06,2.029347028231956e-05,42.5,278.6996351208423,11.628275871276855,5.947337291824321e-07,3.5694472870773097e-06,1.4710777140277908e-07,4.311288787662521e-06,United Kingdom,GBR,england,,,Linux-6.8.0-36-generic-x86_64-with-glibc2.35,3.10.12,2.7.1,40,Intel(R) Xeon(R) Silver 4210 CPU @ 2.20GHz,4,4 x NVIDIA GeForce RTX 2080 Ti,-0.3086,51.4126,31.00873565673828,machine,N,1.0
2024-10-21T16:03:13,codecarbon,17ab51e0-d24d-4ec3-b7e1-13f85cbb64a3,5b0fa12a-3dd7-45bb-9766-cc326314d9f1,4.197083942592144,0.0001074207768417,2.559414543789304e-05,42.5,334.96284372098654,11.628275871276855,4.954676435510111e-05,0.0003890539223476,1.352789181622035e-05,0.0004521285785189,United Kingdom,GBR,england,,,Linux-6.8.0-36-generic-x86_64-with-glibc2.35,3.10.12,2.7.1,40,Intel(R) Xeon(R) Silver 4210 CPU @ 2.20GHz,4,4 x NVIDIA GeForce RTX 2080 Ti,-0.3086,51.4126,31.00873565673828,machine,N,1.0
2024-10-21T16:03:22,codecarbon,5c45ef37-b015-4709-b212-3243c1d1834c,5b0fa12a-3dd7-45bb-9766-cc326314d9f1,0.0435011833906173,5.852301192141837e-07,1.3453199972955451e-05,42.5,166.09541330671595,11.628275871276855,5.122870155092743e-07,1.8250014619525248e-06,1.2591528708194576e-07,2.4632037645437444e-06,United Kingdom,GBR,england,,,Linux-6.8.0-36-generic-x86_64-with-glibc2.35,3.10.12,2.7.1,40,Intel(R) Xeon(R) Silver 4210 CPU @ 2.20GHz,4,4 x NVIDIA GeForce RTX 2080 Ti,-0.3086,51.4126,31.00873565673828,machine,N,1.0
2024-10-21T16:03:29,codecarbon,38640d6a-048d-48c0-a28d-32873f24680e,5b0fa12a-3dd7-45bb-9766-cc326314d9f1,0.0424399003386497,5.712196825313073e-07,1.3459496322405385e-05,42.5,165.5460103103912,11.628275871276855,4.996876128845745e-07,1.7811125303524022e-06,1.234344068950044e-07,2.404234550131981e-06,United Kingdom,GBR,england,,,Linux-6.8.0-36-generic-x86_64-with-glibc2.35,3.10.12,2.7.1,40,Intel(R) Xeon(R) Silver 4210 CPU @ 2.20GHz,4,4 x NVIDIA GeForce RTX 2080 Ti,-0.3086,51.4126,31.00873565673828,machine,N,1.0
2024-10-21T16:03:33,codecarbon,38640d6a-048d-48c0-a28d-32873f24680e,5b0fa12a-3dd7-45bb-9766-cc326314d9f1,4.23496668599546,9.810278390884466e-05,2.3164948199771945e-05,42.5,298.6307479382823,11.628275871276855,4.999362075080474e-05,0.0003492633349821,1.365266512000327e-05,0.000412909620853,United Kingdom,GBR,england,,,Linux-6.8.0-36-generic-x86_64-with-glibc2.35,3.10.12,2.7.1,40,Intel(R) Xeon(R) Silver 4210 CPU @ 2.20GHz,4,4 x NVIDIA GeForce RTX 2080 Ti,-0.3086,51.4126,31.00873565673828,machine,N,1.0
2024-10-21T16:04:07,codecarbon,6ff5c34c-da33-4ce4-95d9-14f1aa29db11,5b0fa12a-3dd7-45bb-9766-cc326314d9f1,1.129240371286869,1.3300579227383662e-05,1.1778341941695263e-05,42.5,124.85565646002492,11.628275871276855,1.3329869732519406e-05,3.9019475622126265e-05,3.632115181758208e-06,5.5981460536403885e-05,United Kingdom,GBR,england,,,Linux-6.8.0-36-generic-x86_64-with-glibc2.35,3.10.12,2.7.1,40,Intel(R) Xeon(R) Silver 4210 CPU @ 2.20GHz,4,4 x NVIDIA GeForce RTX 2080 Ti,-0.3086,51.4126,31.00873565673828,machine,N,1.0
2024-10-21T16:04:11,codecarbon,6ff5c34c-da33-4ce4-95d9-14f1aa29db11,5b0fa12a-3dd7-45bb-9766-cc326314d9f1,5.533121956512332,0.0001107473055921,2.001533789830639e-05,42.5,281.404517624792,11.628275871276855,6.5319043234922e-05,0.0003829672508004,1.784347456558597e-05,0.0004661297686009,United Kingdom,GBR,england,,,Linux-6.8.0-36-generic-x86_64-with-glibc2.35,3.10.12,2.7.1,40,Intel(R) Xeon(R) Silver 4210 CPU @ 2.20GHz,4,4 x NVIDIA GeForce RTX 2080 Ti,-0.3086,51.4126,31.00873565673828,machine,N,1.0
2024-10-21T16:13:14,codecarbon,08492596-2988-402b-9ce8-49338af8726a,5b0fa12a-3dd7-45bb-9766-cc326314d9f1,0.0493101403117179,2.498945820996138e-07,5.067813243277858e-06,42.5,26.47940604360232,11.628275871276855,5.808465958883365e-07,3.283336127424264e-07,1.426133596725417e-07,1.0517935683033045e-06,United Kingdom,GBR,england,,,Linux-6.8.0-36-generic-x86_64-with-glibc2.35,3.10.12,2.7.1,40,Intel(R) Xeon(R) Silver 4210 CPU @ 2.20GHz,4,4 x NVIDIA GeForce RTX 2080 Ti,-0.3086,51.4126,31.00873565673828,machine,N,1.0
2024-10-21T16:13:18,codecarbon,08492596-2988-402b-9ce8-49338af8726a,5b0fa12a-3dd7-45bb-9766-cc326314d9f1,4.196901394054294,9.041661472145182e-05,2.154365953165926e-05,42.5,275.7526377905891,11.628275871276855,4.954437204481413e-05,0.0003174983095419,1.3516244632235658e-05,0.000380558926219,United Kingdom,GBR,england,,,Linux-6.8.0-36-generic-x86_64-with-glibc2.35,3.10.12,2.7.1,40,Intel(R) Xeon(R) Silver 4210 CPU @ 2.20GHz,4,4 x NVIDIA GeForce RTX 2080 Ti,-0.3086,51.4126,31.00873565673828,machine,N,1.0
2024-10-21T16:13:33,codecarbon,11ccffd4-605d-4f4b-9796-2acadc842e3e,5b0fa12a-3dd7-45bb-9766-cc326314d9f1,1.2324646711349487,1.4112812314643666e-05,1.1450885891639796e-05,42.5,119.89282496045875,11.628275871276855,1.4548704183350008e-05,4.088753273379098e-05,3.963871314484495e-06,5.940010823162548e-05,United Kingdom,GBR,england,,,Linux-6.8.0-36-generic-x86_64-with-glibc2.35,3.10.12,2.7.1,40,Intel(R) Xeon(R) Silver 4210 CPU @ 2.20GHz,4,4 x NVIDIA GeForce RTX 2080 Ti,-0.3086,51.4126,31.00873565673828,machine,N,1.0
2024-10-21T16:13:39,codecarbon,712ffd70-8987-4b38-9335-e15c63c27989,5b0fa12a-3dd7-45bb-9766-cc326314d9f1,0.0243514142930507,8.797187002465033e-08,3.612597977512752e-06,42.5,4.596833950305275,11.628275871276855,2.855603725442456e-07,2.5000034042932384e-08,5.970871371995034e-08,3.702691203071284e-07,United Kingdom,GBR,england,,,Linux-6.8.0-36-generic-x86_64-with-glibc2.35,3.10.12,2.7.1,40,Intel(R) Xeon(R) Silver 4210 CPU @ 2.20GHz,4,4 x NVIDIA GeForce RTX 2080 Ti,-0.3086,51.4126,31.00873565673828,machine,N,1.0
2024-10-21T16:13:40,codecarbon,712ffd70-8987-4b38-9335-e15c63c27989,5b0fa12a-3dd7-45bb-9766-cc326314d9f1,0.5435854848474264,5.733067218893379e-06,1.0546762889561956e-05,42.5,111.58574430969936,11.628275871276855,6.414359148281317e-06,1.5993346124787422e-05,1.7224826518494145e-06,2.4130187924918155e-05,United Kingdom,GBR,england,,,Linux-6.8.0-36-generic-x86_64-with-glibc2.35,3.10.12,2.7.1,40,Intel(R) Xeon(R) Silver 4210 CPU @ 2.20GHz,4,4 x NVIDIA GeForce RTX 2080 Ti,-0.3086,51.4126,31.00873565673828,machine,N,1.0
2024-10-21T16:18:22,codecarbon,aa87f846-5abd-471b-9720-8caf5f296c16,5b0fa12a-3dd7-45bb-9766-cc326314d9f1,0.0205648932605981,6.577943960667672e-08,3.1986278155262035e-06,42.5,0.0,11.628275871276855,2.3614052786595294e-07,0.0,4.072178312772401e-08,2.768623109936769e-07,United Kingdom,GBR,england,,,Linux-6.8.0-36-generic-x86_64-with-glibc2.35,3.10.12,2.7.1,40,Intel(R) Xeon(R) Silver 4210 CPU @ 2.20GHz,4,4 x NVIDIA GeForce RTX 2080 Ti,-0.3086,51.4126,31.00873565673828,machine,N,1.0
2024-10-21T16:18:28,codecarbon,ea273c17-716c-424a-a820-a284085e53a7,5b0fa12a-3dd7-45bb-9766-cc326314d9f1,0.0190775822848081,7.743519846716532e-08,4.058962886970664e-06,42.5,14.905649780318578,11.628275871276855,2.238833707653814e-07,6.000003338613169e-08,4.203740222910775e-08,3.259208063806209e-07,United Kingdom,GBR,england,,,Linux-6.8.0-36-generic-x86_64-with-glibc2.35,3.10.12,2.7.1,40,Intel(R) Xeon(R) Silver 4210 CPU @ 2.20GHz,4,4 x NVIDIA GeForce RTX 2080 Ti,-0.3086,51.4126,31.00873565673828,machine,N,1.0
2024-10-21T16:18:28,codecarbon,ea273c17-716c-424a-a820-a284085e53a7,5b0fa12a-3dd7-45bb-9766-cc326314d9f1,0.1908503603190183,1.8145789273507028e-06,9.50786220323357e-06,42.5,102.73486751630384,11.628275871276855,2.250667037959728e-06,4.808614946227863e-06,5.781883000036087e-07,7.6374702841912e-06,United Kingdom,GBR,england,,,Linux-6.8.0-36-generic-x86_64-with-glibc2.35,3.10.12,2.7.1,40,Intel(R) Xeon(R) Silver 4210 CPU @ 2.20GHz,4,4 x NVIDIA GeForce RTX 2080 Ti,-0.3086,51.4126,31.00873565673828,machine,N,1.0
2024-10-21T16:19:06,codecarbon,66fe15b6-a179-4ae1-bb40-92eac7c1754b,5b0fa12a-3dd7-45bb-9766-cc326314d9f1,0.0284602679312229,1.2470488828681877e-07,4.3817187030066125e-06,42.5,22.15936394042353,11.628275871276855,3.347176178875897e-07,1.263889970459786e-07,6.376990833484384e-08,5.248765232684122e-07,United Kingdom,GBR,england,,,Linux-6.8.0-36-generic-x86_64-with-glibc2.35,3.10.12,2.7.1,40,Intel(R) Xeon(R) Silver 4210 CPU @ 2.20GHz,4,4 x NVIDIA GeForce RTX 2080 Ti,-0.3086,51.4126,31.00873565673828,machine,N,1.0
2024-10-21T16:19:13,codecarbon,7fd1b2ef-5323-403d-bb45-b520a21022d6,5b0fa12a-3dd7-45bb-9766-cc326314d9f1,0.0216445978730916,7.282068411078556e-08,3.364381474664185e-06,42.5,0.0,11.628275871276855,2.5433315119395654e-07,0.0,5.216539928938039e-08,3.0649855048333694e-07,United Kingdom,GBR,england,,,Linux-6.8.0-36-generic-x86_64-with-glibc2.35,3.10.12,2.7.1,40,Intel(R) Xeon(R) Silver 4210 CPU @ 2.20GHz,4,4 x NVIDIA GeForce RTX 2080 Ti,-0.3086,51.4126,31.00873565673828,machine,N,1.0
2024-10-21T16:19:13,codecarbon,7fd1b2ef-5323-403d-bb45-b520a21022d6,5b0fa12a-3dd7-45bb-9766-cc326314d9f1,0.1936539933085441,1.6284984794525196e-06,8.409320415396096e-06,42.5,85.32917260117692,11.628275871276855,2.283894671644602e-06,3.977503169494412e-06,5.928693153897798e-07,6.854267156528794e-06,United Kingdom,GBR,england,,,Linux-6.8.0-36-generic-x86_64-with-glibc2.35,3.10.12,2.7.1,40,Intel(R) Xeon(R) Silver 4210 CPU @ 2.20GHz,4,4 x NVIDIA GeForce RTX 2080 Ti,-0.3086,51.4126,31.00873565673828,machine,N,1.0
2024-10-21T16:19:30,codecarbon,59d19998-b2f2-4c12-a73f-b3db7e67ae39,5b0fa12a-3dd7-45bb-9766-cc326314d9f1,3.5158652011305094,4.152283173698133e-05,1.1810131891185663e-05,42.5,124.98612048743684,11.628275871276855,4.1505528485868135e-05,0.0001219203752924,1.1341580141302037e-05,0.0001747674839196,United Kingdom,GBR,england,,,Linux-6.8.0-36-generic-x86_64-with-glibc2.35,3.10.12,2.7.1,40,Intel(R) Xeon(R) Silver 4210 CPU @ 2.20GHz,4,4 x NVIDIA GeForce RTX 2080 Ti,-0.3086,51.4126,31.00873565673828,machine,N,1.0
2024-10-21T16:19:35,codecarbon,f4fb5509-f8d6-4d35-89d6-292ff1dacc05,5b0fa12a-3dd7-45bb-9766-cc326314d9f1,0.0494687128812074,6.148665509707483e-07,1.2429402649858074e-05,42.5,147.7551895422502,11.628275871276855,5.826776886048417e-07,1.8602792550836968e-06,1.449850526612432e-07,2.587941996349781e-06,United Kingdom,GBR,england,,,Linux-6.8.0-36-generic-x86_64-with-glibc2.35,3.10.12,2.7.1,40,Intel(R) Xeon(R) Silver 4210 CPU @ 2.20GHz,4,4 x NVIDIA GeForce RTX 2080 Ti,-0.3086,51.4126,31.00873565673828,machine,N,1.0
2024-10-21T16:19:39,codecarbon,f4fb5509-f8d6-4d35-89d6-292ff1dacc05,5b0fa12a-3dd7-45bb-9766-cc326314d9f1,4.4788380321115255,9.547471662118676e-05,2.131684957943784e-05,42.5,270.61918161697133,11.628275871276855,5.2872825388072266e-05,0.0003345369342895,1.4438459815667634e-05,0.0004018482194932,United Kingdom,GBR,england,,,Linux-6.8.0-36-generic-x86_64-with-glibc2.35,3.10.12,2.7.1,40,Intel(R) Xeon(R) Silver 4210 CPU @ 2.20GHz,4,4 x NVIDIA GeForce RTX 2080 Ti,-0.3086,51.4126,31.00873565673828,machine,N,1.0
2024-10-21T16:20:25,codecarbon,f7c4d7a8-6cfa-4d9b-b683-07d07e1d7a55,5b0fa12a-3dd7-45bb-9766-cc326314d9f1,0.0561830233782529,2.22032235961038e-07,3.951945313910981e-06,42.5,7.502894992569367,11.628275871276855,6.61945767286751e-07,1.07500085277934e-07,1.6507651994009425e-07,9.345223725047792e-07,United Kingdom,GBR,england,,,Linux-6.8.0-36-generic-x86_64-with-glibc2.35,3.10.12,2.7.1,40,Intel(R) Xeon(R) Silver 4210 CPU @ 2.20GHz,4,4 x NVIDIA GeForce RTX 2080 Ti,-0.3086,51.4126,31.00873565673828,machine,N,1.0
2024-10-21T16:20:31,codecarbon,1946a9c4-3552-4a3e-8c0c-ee35142f6a1d,5b0fa12a-3dd7-45bb-9766-cc326314d9f1,0.0549667794257402,3.079822716484677e-07,5.60306197427029e-06,42.5,34.83244592541244,11.628275871276855,6.476135432927145e-07,4.875003867255145e-07,1.611677650453795e-07,1.2962816950636083e-06,United Kingdom,GBR,england,,,Linux-6.8.0-36-generic-x86_64-with-glibc2.35,3.10.12,2.7.1,40,Intel(R) Xeon(R) Silver 4210 CPU @ 2.20GHz,4,4 x NVIDIA GeForce RTX 2080 Ti,-0.3086,51.4126,31.00873565673828,machine,N,1.0
2024-10-21T16:20:36,codecarbon,1946a9c4-3552-4a3e-8c0c-ee35142f6a1d,5b0fa12a-3dd7-45bb-9766-cc326314d9f1,4.348808655515313,9.421598644656716e-05,2.1664780842238048e-05,42.5,277.5310686098076,11.628275871276855,5.133737644516966e-05,0.0003311969316257,1.4015980227638229e-05,0.0003965502882985,United Kingdom,GBR,england,,,Linux-6.8.0-36-generic-x86_64-with-glibc2.35,3.10.12,2.7.1,40,Intel(R) Xeon(R) Silver 4210 CPU @ 2.20GHz,4,4 x NVIDIA GeForce RTX 2080 Ti,-0.3086,51.4126,31.00873565673828,machine,N,1.0
2024-10-27T14:03:22,codecarbon,0194f63c-229d-4642-850a-90a1ac4aea2c,5b0fa12a-3dd7-45bb-9766-cc326314d9f1,14.668029917986132,0.0001528154845202,1.0418269213705943e-05,42.5,103.76745458799398,11.628275871276855,0.0001731625119596,0.0004226689492448,4.736112986778605e-05,0.0006431925910722,United Kingdom,GBR,,,,Linux-6.8.0-36-generic-x86_64-with-glibc2.35,3.10.12,2.7.1,40,Intel(R) Xeon(R) Silver 4210 CPU @ 2.20GHz,4,4 x NVIDIA GeForce RTX 2080 Ti,-0.1224,51.4964,31.00873565673828,machine,N,1.0
2024-10-27T14:03:28,codecarbon,725c28fd-4a6d-451d-86bc-5cf33bf39bd8,5b0fa12a-3dd7-45bb-9766-cc326314d9f1,0.0455716819851659,5.923139755293903e-07,1.299741308039047e-05,42.5,157.72775694538754,11.628275871276855,5.360844576595507e-07,1.824445904130556e-06,1.3248899318588256e-07,2.4930193549759893e-06,United Kingdom,GBR,,,,Linux-6.8.0-36-generic-x86_64-with-glibc2.35,3.10.12,2.7.1,40,Intel(R) Xeon(R) Silver 4210 CPU @ 2.20GHz,4,4 x NVIDIA GeForce RTX 2080 Ti,-0.1224,51.4964,31.00873565673828,machine,N,1.0
2024-10-27T14:03:49,codecarbon,725c28fd-4a6d-451d-86bc-5cf33bf39bd8,5b0fa12a-3dd7-45bb-9766-cc326314d9f1,21.373837832012214,0.0005371689161792,2.5132075970687883e-05,42.5,327.1457418279127,11.628275871276855,0.0002523269845644,0.0019395818294416,6.900779484066454e-05,0.0022609166088467,United Kingdom,GBR,,,,Linux-6.8.0-36-generic-x86_64-with-glibc2.35,3.10.12,2.7.1,40,Intel(R) Xeon(R) Silver 4210 CPU @ 2.20GHz,4,4 x NVIDIA GeForce RTX 2080 Ti,-0.1224,51.4964,31.00873565673828,machine,N,1.0
2024-10-27T14:04:31,codecarbon,73a63dd4-c741-4e4d-842d-da4a685ad9e5,5b0fa12a-3dd7-45bb-9766-cc326314d9f1,3.526937227987218,3.443241824411721e-05,9.762696645374484e-06,42.5,94.0289708456892,11.628275871276855,4.163541473240507e-05,9.192396242774235e-05,1.1364917500452222e-05,0.0001449242946605,United Kingdom,GBR,,,,Linux-6.8.0-36-generic-x86_64-with-glibc2.35,3.10.12,2.7.1,40,Intel(R) Xeon(R) Silver 4210 CPU @ 2.20GHz,4,4 x NVIDIA GeForce RTX 2080 Ti,-0.1224,51.4964,31.00873565673828,machine,N,1.0
2024-10-27T14:04:38,codecarbon,383de496-302b-4d66-aa6d-8365f78b5707,5b0fa12a-3dd7-45bb-9766-cc326314d9f1,0.0444189750123769,5.308001995880108e-07,1.1949852499750583e-05,42.5,141.5097860439516,11.628275871276855,5.232063792694438e-07,1.5825012660286577e-06,1.2840335979056422e-07,2.234111005088665e-06,United Kingdom,GBR,,,,Linux-6.8.0-36-generic-x86_64-with-glibc2.35,3.10.12,2.7.1,40,Intel(R) Xeon(R) Silver 4210 CPU @ 2.20GHz,4,4 x NVIDIA GeForce RTX 2080 Ti,-0.1224,51.4964,31.00873565673828,machine,N,1.0
2024-10-27T14:04:58,codecarbon,383de496-302b-4d66-aa6d-8365f78b5707,5b0fa12a-3dd7-45bb-9766-cc326314d9f1,20.037174468045123,0.0004921841012949,2.4563548222822395e-05,42.5,318.5508267184981,11.628275871276855,0.0002365476680651,0.0017703369718238,6.469317429821898e-05,0.0020715778141872,United Kingdom,GBR,,,,Linux-6.8.0-36-generic-x86_64-with-glibc2.35,3.10.12,2.7.1,40,Intel(R) Xeon(R) Silver 4210 CPU @ 2.20GHz,4,4 x NVIDIA GeForce RTX 2080 Ti,-0.1224,51.4964,31.00873565673828,machine,N,1.0
2024-10-27T14:05:37,codecarbon,a5a96ced-d35f-4d07-b096-2c8211fee87d,5b0fa12a-3dd7-45bb-9766-cc326314d9f1,0.0425018650130368,1.8675368689395733e-07,4.394011576590184e-06,42.5,15.512711067845949,11.628275871276855,5.006069572522797e-07,1.641667983776074e-07,1.212630006759913e-07,7.860367563058784e-07,United Kingdom,GBR,,,,Linux-6.8.0-36-generic-x86_64-with-glibc2.35,3.10.12,2.7.1,40,Intel(R) Xeon(R) Silver 4210 CPU @ 2.20GHz,4,4 x NVIDIA GeForce RTX 2080 Ti,-0.1224,51.4964,31.00873565673828,machine,N,1.0
2024-10-27T14:05:44,codecarbon,14bc903e-0673-48c5-b779-5ad7958702c4,5b0fa12a-3dd7-45bb-9766-cc326314d9f1,0.0531855340232141,2.0534417259349137e-07,3.860902712829091e-06,42.5,6.13970889398534,11.628275871276855,6.266577069456819e-07,8.277784413479594e-08,1.5484761267496276e-07,8.642831637554406e-07,United Kingdom,GBR,,,,Linux-6.8.0-36-generic-x86_64-with-glibc2.35,3.10.12,2.7.1,40,Intel(R) Xeon(R) Silver 4210 CPU @ 2.20GHz,4,4 x NVIDIA GeForce RTX 2080 Ti,-0.1224,51.4964,31.00873565673828,machine,N,1.0
2024-10-27T14:06:04,codecarbon,14bc903e-0673-48c5-b779-5ad7958702c4,5b0fa12a-3dd7-45bb-9766-cc326314d9f1,20.21183056401788,0.0004922514748368,2.435462108579049e-05,42.5,315.8029351965318,11.628275871276855,0.0002386096241908,0.0017680011366225,6.525062518026411e-05,0.0020718613859936,United Kingdom,GBR,,,,Linux-6.8.0-36-generic-x86_64-with-glibc2.35,3.10.12,2.7.1,40,Intel(R) Xeon(R) Silver 4210 CPU @ 2.20GHz,4,4 x NVIDIA GeForce RTX 2080 Ti,-0.1224,51.4964,31.00873565673828,machine,N,1.0
2024-10-27T14:06:39,codecarbon,ae9c84eb-19c4-42ef-890e-a47ae9b0a5a9,5b0fa12a-3dd7-45bb-9766-cc326314d9f1,0.0450028280029073,2.527206266200415e-07,5.615661011430546e-06,42.5,36.13974052834039,11.628275871276855,5.300976602383243e-07,4.050003239441935e-07,1.2859026156977522e-07,1.0636882457522928e-06,United Kingdom,GBR,,,,Linux-6.8.0-36-generic-x86_64-with-glibc2.35,3.10.12,2.7.1,40,Intel(R) Xeon(R) Silver 4210 CPU @ 2.20GHz,4,4 x NVIDIA GeForce RTX 2080 Ti,-0.1224,51.4964,31.00873565673828,machine,N,1.0
2024-10-27T14:06:47,codecarbon,1e74d6e8-832e-454c-b7b2-29914e876328,5b0fa12a-3dd7-45bb-9766-cc326314d9f1,0.0475009749643504,3.00928405409556e-07,6.335204817067505e-06,42.5,47.88357549643209,11.628275871276855,5.595487662099509e-07,5.705560117696962e-07,1.364875533553729e-07,1.2665923313350198e-06,United Kingdom,GBR,,,,Linux-6.8.0-36-generic-x86_64-with-glibc2.35,3.10.12,2.7.1,40,Intel(R) Xeon(R) Silver 4210 CPU @ 2.20GHz,4,4 x NVIDIA GeForce RTX 2080 Ti,-0.1224,51.4964,31.00873565673828,machine,N,1.0
2024-10-27T14:07:07,codecarbon,1e74d6e8-832e-454c-b7b2-29914e876328,5b0fa12a-3dd7-45bb-9766-cc326314d9f1,20.117589677975047,0.0004919028400172,2.445138050289572e-05,42.5,317.0764813617632,11.628275871276855,0.0002374967223429,0.0017679464143558,6.495086309621198e-05,0.002070393999795,United Kingdom,GBR,,,,Linux-6.8.0-36-generic-x86_64-with-glibc2.35,3.10.12,2.7.1,40,Intel(R) Xeon(R) Silver 4210 CPU @ 2.20GHz,4,4 x NVIDIA GeForce RTX 2080 Ti,-0.1224,51.4964,31.00873565673828,machine,N,1.0
2024-10-27T14:07:23,codecarbon,e1b0c319-870d-4366-ad51-50e01526208c,5b0fa12a-3dd7-45bb-9766-cc326314d9f1,0.0443479600362479,5.560762997203413e-07,1.2538937512927998e-05,42.5,152.79854949450188,11.628275871276855,5.224056087980797e-07,1.691112463841904e-06,1.2697875053087576e-07,2.34049682317086e-06,United Kingdom,GBR,,,,Linux-6.8.0-36-generic-x86_64-with-glibc2.35,3.10.12,2.7.1,40,Intel(R) Xeon(R) Silver 4210 CPU @ 2.20GHz,4,4 x NVIDIA GeForce RTX 2080 Ti,-0.1224,51.4964,31.00873565673828,machine,N,1.0
2024-10-27T14:07:43,codecarbon,e1b0c319-870d-4366-ad51-50e01526208c,5b0fa12a-3dd7-45bb-9766-cc326314d9f1,20.592446037044283,0.0005078926592125,2.466402768757587e-05,42.5,320.0554933196618,11.628275871276855,0.0002431030497294,0.001828108129152,6.648315550507215e-05,0.0021376943343865,United Kingdom,GBR,,,,Linux-6.8.0-36-generic-x86_64-with-glibc2.35,3.10.12,2.7.1,40,Intel(R) Xeon(R) Silver 4210 CPU @ 2.20GHz,4,4 x NVIDIA GeForce RTX 2080 Ti,-0.1224,51.4964,31.00873565673828,machine,N,1.0
2024-10-27T14:07:51,codecarbon,401b0051-abf7-4530-984d-60b281791113,5b0fa12a-3dd7-45bb-9766-cc326314d9f1,0.0425489959889091,5.236789680876778e-07,1.2307669215606878e-05,42.5,146.22948644207918,11.628275871276855,5.010684597234811e-07,1.5791679297549877e-06,1.239017149273654e-07,2.204138104405834e-06,United Kingdom,GBR,,,,Linux-6.8.0-36-generic-x86_64-with-glibc2.35,3.10.12,2.7.1,40,Intel(R) Xeon(R) Silver 4210 CPU @ 2.20GHz,4,4 x NVIDIA GeForce RTX 2080 Ti,-0.1224,51.4964,31.00873565673828,machine,N,1.0
2024-10-27T14:08:11,codecarbon,401b0051-abf7-4530-984d-60b281791113,5b0fa12a-3dd7-45bb-9766-cc326314d9f1,20.400338383042254,0.0005140114080295,2.519621970863001e-05,42.5,328.1238538686564,11.628275871276855,0.0002408347654532,0.0018567459298397,6.586714122103928e-05,0.002163447836514,United Kingdom,GBR,,,,Linux-6.8.0-36-generic-x86_64-with-glibc2.35,3.10.12,2.7.1,40,Intel(R) Xeon(R) Silver 4210 CPU @ 2.20GHz,4,4 x NVIDIA GeForce RTX 2080 Ti,-0.1224,51.4964,31.00873565673828,machine,N,1.0
2024-10-27T14:08:40,codecarbon,b067004d-cb8d-4066-b1c0-8cec2894d86c,5b0fa12a-3dd7-45bb-9766-cc326314d9f1,0.0490788710303604,2.538373146666899e-07,5.172028397101162e-06,42.5,28.180073913328155,11.628275871276855,5.781120352670163e-07,3.483336121767877e-07,1.4194268142112606e-07,1.06838832886493e-06,United Kingdom,GBR,,,,Linux-6.8.0-36-generic-x86_64-with-glibc2.35,3.10.12,2.7.1,40,Intel(R) Xeon(R) Silver 4210 CPU @ 2.20GHz,4,4 x NVIDIA GeForce RTX 2080 Ti,-0.1224,51.4964,31.00873565673828,machine,N,1.0
2024-10-27T14:08:59,codecarbon,b067004d-cb8d-4066-b1c0-8cec2894d86c,5b0fa12a-3dd7-45bb-9766-cc326314d9f1,18.66459621104877,0.0004273956364217,2.2898734673336788e-05,42.5,293.60799048354306,11.628275871276855,0.0002203434087172,0.0015182851035167,6.025795314018616e-05,0.0017988864653741,United Kingdom,GBR,,,,Linux-6.8.0-36-generic-x86_64-with-glibc2.35,3.10.12,2.7.1,40,Intel(R) Xeon(R) Silver 4210 CPU @ 2.20GHz,4,4 x NVIDIA GeForce RTX 2080 Ti,-0.1224,51.4964,31.00873565673828,machine,N,1.0
2024-10-27T14:09:17,codecarbon,db25f6a3-9ade-43de-b355-68bb347c6696,5b0fa12a-3dd7-45bb-9766-cc326314d9f1,4.400763663987164,5.927201606936922e-05,1.3468575137176944e-05,42.5,150.10676693550323,11.628275871276855,5.195228453744171e-05,0.000183321535546,1.4199076680999084e-05,0.0002494728967644,United Kingdom,GBR,,,,Linux-6.8.0-36-generic-x86_64-with-glibc2.35,3.10.12,2.7.1,40,Intel(R) Xeon(R) Silver 4210 CPU @ 2.20GHz,4,4 x NVIDIA GeForce RTX 2080 Ti,-0.1224,51.4964,31.00873565673828,machine,N,1.0
2024-10-27T14:09:28,codecarbon,494209dd-2b0c-48fe-bae5-b057e04f29bb,5b0fa12a-3dd7-45bb-9766-cc326314d9f1,0.04406156798359,1.8486094597823826e-07,4.195514468461185e-06,42.5,11.898268503188772,11.628275871276855,5.188154680379538e-07,1.3194454950848924e-07,1.273102886471865e-07,7.780703061936295e-07,United Kingdom,GBR,,,,Linux-6.8.0-36-generic-x86_64-with-glibc2.35,3.10.12,2.7.1,40,Intel(R) Xeon(R) Silver 4210 CPU @ 2.20GHz,4,4 x NVIDIA GeForce RTX 2080 Ti,-0.1224,51.4964,31.00873565673828,machine,N,1.0
2024-10-27T14:10:03,codecarbon,12de110d-2bf8-4a26-a6ca-b9631678e848,5b0fa12a-3dd7-45bb-9766-cc326314d9f1,0.0544148699846118,2.642702958538257e-07,4.856582326275141e-06,42.5,22.556426850588625,11.628275871276855,6.411975941672507e-07,3.119446940758053e-07,1.591579270607907e-07,1.1123002153038468e-06,United Kingdom,GBR,,,,Linux-6.8.0-36-generic-x86_64-with-glibc2.35,3.10.12,2.7.1,40,Intel(R) Xeon(R) Silver 4210 CPU @ 2.20GHz,4,4 x NVIDIA GeForce RTX 2080 Ti,-0.1224,51.4964,31.00873565673828,machine,N,1.0
2024-10-27T14:12:14,codecarbon,6541ff57-14f8-492b-b3ef-dd4ce9cf8b04,5b0fa12a-3dd7-45bb-9766-cc326314d9f1,0.0624307869584299,2.187302169356065e-07,3.503563347379389e-06,42.5,0.0,11.628275871276855,7.356309060721995e-07,0.0,1.84993436534598e-07,9.206243426067974e-07,United Kingdom,GBR,,,,Linux-6.8.0-36-generic-x86_64-with-glibc2.35,3.10.12,2.7.1,40,Intel(R) Xeon(R) Silver 4210 CPU @ 2.20GHz,4,4 x NVIDIA GeForce RTX 2080 Ti,-0.1224,51.4964,31.00873565673828,machine,N,1.0
2024-10-27T14:14:45,codecarbon,e1f2690a-c3ff-43c4-afba-43ecda6411e5,5b0fa12a-3dd7-45bb-9766-cc326314d9f1,3.5841953339986503,3.3983225752910096e-05,9.481410075660484e-06,42.5,89.65830540726746,11.628275871276855,4.231199439091143e-05,8.91597935495092e-05,1.1561878403181528e-05,0.0001430336663436,United Kingdom,GBR,,,,Linux-6.8.0-36-generic-x86_64-with-glibc2.35,3.10.12,2.7.1,40,Intel(R) Xeon(R) Silver 4210 CPU @ 2.20GHz,4,4 x NVIDIA GeForce RTX 2080 Ti,-0.1224,51.4964,31.00873565673828,machine,N,1.0
2024-10-27T14:15:41,codecarbon,1b0740aa-7cb7-4663-a517-4034c506524f,5b0fa12a-3dd7-45bb-9766-cc326314d9f1,0.0444179819896817,2.120256901303767e-07,4.77342014726446e-06,42.5,21.954729294223604,11.628275871276855,5.232301554820474e-07,2.425001941475103e-07,1.2667498113229013e-07,8.924053307618478e-07,United Kingdom,GBR,,,,Linux-6.8.0-36-generic-x86_64-with-glibc2.35,3.10.12,2.7.1,40,Intel(R) Xeon(R) Silver 4210 CPU @ 2.20GHz,4,4 x NVIDIA GeForce RTX 2080 Ti,-0.1224,51.4964,31.00873565673828,machine,N,1.0
2024-10-27T14:16:00,codecarbon,1b0740aa-7cb7-4663-a517-4034c506524f,5b0fa12a-3dd7-45bb-9766-cc326314d9f1,19.094585172017105,0.0004271142489734,2.2368343963783003e-05,42.5,285.49074065411514,11.628275871276855,0.000225419753642,0.0015106375973981,6.164476889566011e-05,0.0017977021199358,United Kingdom,GBR,,,,Linux-6.8.0-36-generic-x86_64-with-glibc2.35,3.10.12,2.7.1,40,Intel(R) Xeon(R) Silver 4210 CPU @ 2.20GHz,4,4 x NVIDIA GeForce RTX 2080 Ti,-0.1224,51.4964,31.00873565673828,machine,N,1.0
2024-10-27T14:16:34,codecarbon,63515836-6c86-4268-9228-866c4ae0b22d,5b0fa12a-3dd7-45bb-9766-cc326314d9f1,3.8016329040401615,3.588049698146047e-05,9.43818035227144e-06,42.5,88.98796477497106,11.628275871276855,4.487902010332619e-05,9.387479732181347e-05,1.2265366886678128e-05,0.0001510191843118,United Kingdom,GBR,,,,Linux-6.8.0-36-generic-x86_64-with-glibc2.35,3.10.12,2.7.1,40,Intel(R) Xeon(R) Silver 4210 CPU @ 2.20GHz,4,4 x NVIDIA GeForce RTX 2080 Ti,-0.1224,51.4964,31.00873565673828,machine,N,1.0
2024-10-27T14:16:38,codecarbon,673b9704-5e13-4b6e-9c43-4912e0fa49ec,5b0fa12a-3dd7-45bb-9766-cc326314d9f1,0.0447043550084345,6.531527674390026e-07,1.4610495270891848e-05,42.5,185.3566178862704,11.628275871276855,5.266809786310963e-07,2.0925016737116664e-06,1.2990407910946222e-07,2.749086731452225e-06,United Kingdom,GBR,,,,Linux-6.8.0-36-generic-x86_64-with-glibc2.35,3.10.12,2.7.1,40,Intel(R) Xeon(R) Silver 4210 CPU @ 2.20GHz,4,4 x NVIDIA GeForce RTX 2080 Ti,-0.1224,51.4964,31.00873565673828,machine,N,1.0
2024-10-27T14:16:57,codecarbon,673b9704-5e13-4b6e-9c43-4912e0fa49ec,5b0fa12a-3dd7-45bb-9766-cc326314d9f1,18.78621487901546,0.0004370271983654,2.326318532923809e-05,42.5,298.7448887390372,11.628275871276855,0.0002217793878908,0.0015569945789288,6.0651252215783055e-05,0.0018394252190355,United Kingdom,GBR,,,,Linux-6.8.0-36-generic-x86_64-with-glibc2.35,3.10.12,2.7.1,40,Intel(R) Xeon(R) Silver 4210 CPU @ 2.20GHz,4,4 x NVIDIA GeForce RTX 2080 Ti,-0.1224,51.4964,31.00873565673828,machine,N,1.0
2024-10-27T14:18:56,codecarbon,cc3c442c-90c2-4553-9afa-1f2432710b9f,5b0fa12a-3dd7-45bb-9766-cc326314d9f1,0.0438551260158419,1.895767779966596e-07,4.32279633464462e-06,42.5,14.378974534444172,11.628275871276855,5.162581487739873e-07,1.5666679198389488e-07,1.249940622122029e-07,7.979190029700851e-07,United Kingdom,GBR,,,,Linux-6.8.0-36-generic-x86_64-with-glibc2.35,3.10.12,2.7.1,40,Intel(R) Xeon(R) Silver 4210 CPU @ 2.20GHz,4,4 x NVIDIA GeForce RTX 2080 Ti,-0.1224,51.4964,31.00873565673828,machine,N,1.0
2024-10-27T14:19:15,codecarbon,cc3c442c-90c2-4553-9afa-1f2432710b9f,5b0fa12a-3dd7-45bb-9766-cc326314d9f1,18.62818972900277,0.0004360797992526,2.340967134201694e-05,42.5,301.3273061576924,11.628275871276855,0.0002199136451163,0.0015553837443058,6.014027500117483e-05,0.0018354376644233,United Kingdom,GBR,,,,Linux-6.8.0-36-generic-x86_64-with-glibc2.35,3.10.12,2.7.1,40,Intel(R) Xeon(R) Silver 4210 CPU @ 2.20GHz,4,4 x NVIDIA GeForce RTX 2080 Ti,-0.1224,51.4964,31.00873565673828,machine,N,1.0
2024-10-28T15:26:04,codecarbon,d5bffaa7-a236-4d45-9780-336299873b9d,5b0fa12a-3dd7-45bb-9766-cc326314d9f1,1.7895436770049855,1.5986933159739394e-05,8.933524990289943e-06,42.5,81.61721855042227,11.628275871276855,2.1125171620304985e-05,4.040781010328232e-05,5.755205691399892e-06,6.72881874149872e-05,United Kingdom,GBR,,,,Linux-6.8.0-36-generic-x86_64-with-glibc2.35,3.10.12,2.7.1,40,Intel(R) Xeon(R) Silver 4210 CPU @ 2.20GHz,4,4 x NVIDIA GeForce RTX 2080 Ti,-0.1224,51.4964,31.00873565673828,machine,N,1.0
2024-10-28T15:27:01,codecarbon,85bcd934-172f-4114-9b65-90d27c002214,5b0fa12a-3dd7-45bb-9766-cc326314d9f1,0.0177396730287,5.8557859858598254e-08,3.3009548577282496e-06,42.5,0.0,11.628275871276855,2.0804611801092205e-07,0.0,3.8420931636150296e-08,2.464670496470723e-07,United Kingdom,GBR,,,,Linux-6.8.0-36-generic-x86_64-with-glibc2.35,3.10.12,2.7.1,40,Intel(R) Xeon(R) Silver 4210 CPU @ 2.20GHz,4,4 x NVIDIA GeForce RTX 2080 Ti,-0.1224,51.4964,31.00873565673828,machine,N,1.0
2024-10-28T15:28:20,codecarbon,a8f58dc2-db07-4c07-9646-0df8ef3a1631,5b0fa12a-3dd7-45bb-9766-cc326314d9f1,0.0488558210199698,1.7632215316244685e-07,3.609030602318093e-06,42.5,2.0813460577843386,11.628275871276855,5.754645203220814e-07,2.5555576321778524e-08,1.4111086549010609e-07,7.42130962133966e-07,United Kingdom,GBR,,,,Linux-6.8.0-36-generic-x86_64-with-glibc2.35,3.10.12,2.7.1,40,Intel(R) Xeon(R) Silver 4210 CPU @ 2.20GHz,4,4 x NVIDIA GeForce RTX 2080 Ti,-0.1224,51.4964,31.00873565673828,machine,N,1.0
2024-10-28T15:28:40,codecarbon,a49ef3b0-73da-42b4-b865-c19c8eb2d4b4,5b0fa12a-3dd7-45bb-9766-cc326314d9f1,0.0459905919851735,1.5998126436068202e-07,3.478565016346319e-06,42.5,0.0,11.628275871276855,5.415284723211597e-07,0.0,1.3182452112837725e-07,6.733529934495369e-07,United Kingdom,GBR,,,,Linux-6.8.0-36-generic-x86_64-with-glibc2.35,3.10.12,2.7.1,40,Intel(R) Xeon(R) Silver 4210 CPU @ 2.20GHz,4,4 x NVIDIA GeForce RTX 2080 Ti,-0.1224,51.4964,31.00873565673828,machine,N,1.0
2024-10-28T15:30:12,codecarbon,f6f96d39-4d78-47c3-a2cf-ae8ac2fa2a11,5b0fa12a-3dd7-45bb-9766-cc326314d9f1,3.555068304995075,3.838705454282918e-05,1.0797838817581414e-05,42.5,109.62225347824732,11.628275871276855,4.196818208308994e-05,0.0001081336976178,1.146727772144148e-05,0.0001615691574223,United Kingdom,GBR,,,,Linux-6.8.0-36-generic-x86_64-with-glibc2.35,3.10.12,2.7.1,40,Intel(R) Xeon(R) Silver 4210 CPU @ 2.20GHz,4,4 x NVIDIA GeForce RTX 2080 Ti,-0.1224,51.4964,31.00873565673828,machine,N,1.0
2024-10-28T15:30:20,codecarbon,30e7821b-0476-444a-84d0-76d68c254658,5b0fa12a-3dd7-45bb-9766-cc326314d9f1,0.0489751229761168,5.934030601290929e-07,1.2116417970373883e-05,42.5,142.9909345342774,11.628275871276855,5.769890895559608e-07,1.777779199851892e-06,1.42834967178491e-07,2.497603256586344e-06,United Kingdom,GBR,,,,Linux-6.8.0-36-generic-x86_64-with-glibc2.35,3.10.12,2.7.1,40,Intel(R) Xeon(R) Silver 4210 CPU @ 2.20GHz,4,4 x NVIDIA GeForce RTX 2080 Ti,-0.1224,51.4964,31.00873565673828,machine,N,1.0
2024-10-28T15:30:40,codecarbon,30e7821b-0476-444a-84d0-76d68c254658,5b0fa12a-3dd7-45bb-9766-cc326314d9f1,19.75978204398416,0.0004865568469885,2.4623593818265367e-05,42.5,319.5071067637956,11.628275871276855,0.0002332725647511,0.0017508233451013,6.379707756909526e-05,0.0020478929874216,United Kingdom,GBR,,,,Linux-6.8.0-36-generic-x86_64-with-glibc2.35,3.10.12,2.7.1,40,Intel(R) Xeon(R) Silver 4210 CPU @ 2.20GHz,4,4 x NVIDIA GeForce RTX 2080 Ti,-0.1224,51.4964,31.00873565673828,machine,N,1.0
2024-10-28T15:33:28,codecarbon,4c2664cf-f68b-4198-b692-5f75be1eee98,5b0fa12a-3dd7-45bb-9766-cc326314d9f1,0.0501530289184302,2.720002970619981e-07,5.423407178545173e-06,42.5,32.34743568377115,11.628275871276855,5.909105554261866e-07,4.08889216263475e-07,1.450356249911531e-07,1.1448353966808147e-06,United Kingdom,GBR,,,,Linux-6.8.0-36-generic-x86_64-with-glibc2.35,3.10.12,2.7.1,40,Intel(R) Xeon(R) Silver 4210 CPU @ 2.20GHz,4,4 x NVIDIA GeForce RTX 2080 Ti,-0.1224,51.4964,31.00873565673828,machine,N,1.0
2024-10-28T15:33:35,codecarbon,7d67f06c-77ec-40f3-b93d-b736821a1876,5b0fa12a-3dd7-45bb-9766-cc326314d9f1,0.0556413159938529,3.117949572024508e-07,5.603658929219018e-06,42.5,34.816043024707206,11.628275871276855,6.555384174539035e-07,4.938892845807175e-07,1.629013923361235e-07,1.3123290943707446e-06,United Kingdom,GBR,,,,Linux-6.8.0-36-generic-x86_64-with-glibc2.35,3.10.12,2.7.1,40,Intel(R) Xeon(R) Silver 4210 CPU @ 2.20GHz,4,4 x NVIDIA GeForce RTX 2080 Ti,-0.1224,51.4964,31.00873565673828,machine,N,1.0
2024-10-28T15:33:53,codecarbon,7d67f06c-77ec-40f3-b93d-b736821a1876,5b0fa12a-3dd7-45bb-9766-cc326314d9f1,18.711124512017705,0.0004469742217187,2.388815388576361e-05,42.5,308.72060652570485,11.628275871276855,0.0002208926627565,0.0015999907244368,6.040834650963941e-05,0.001881291733703,United Kingdom,GBR,,,,Linux-6.8.0-36-generic-x86_64-with-glibc2.35,3.10.12,2.7.1,40,Intel(R) Xeon(R) Silver 4210 CPU @ 2.20GHz,4,4 x NVIDIA GeForce RTX 2080 Ti,-0.1224,51.4964,31.00873565673828,machine,N,1.0
2024-10-28T15:36:59,codecarbon,821670da-0e42-42c7-9a75-8dbbb7f2f1c8,5b0fa12a-3dd7-45bb-9766-cc326314d9f1,0.0516336460132151,2.636385918524331e-07,5.105945680941399e-06,42.5,26.989598568282748,11.628275871276855,6.081481308986744e-07,3.519447253630404e-07,1.495485490745305e-07,1.109641405336245e-06,United Kingdom,GBR,,,,Linux-6.8.0-36-generic-x86_64-with-glibc2.35,3.10.12,2.7.1,40,Intel(R) Xeon(R) Silver 4210 CPU @ 2.20GHz,4,4 x NVIDIA GeForce RTX 2080 Ti,-0.1224,51.4964,31.00873565673828,machine,N,1.0
2024-10-28T15:37:08,codecarbon,652cb12f-d4e7-44b4-a566-ff0b6a1e7afa,5b0fa12a-3dd7-45bb-9766-cc326314d9f1,0.0501535650109872,1.752399168471114e-07,3.4940670081722267e-06,42.5,0.1319787134321645,11.628275871276855,5.907346526833458e-07,1.666668580924124e-09,1.4517456333944237e-07,7.375758846037123e-07,United Kingdom,GBR,,,,Linux-6.8.0-36-generic-x86_64-with-glibc2.35,3.10.12,2.7.1,40,Intel(R) Xeon(R) Silver 4210 CPU @ 2.20GHz,4,4 x NVIDIA GeForce RTX 2080 Ti,-0.1224,51.4964,31.00873565673828,machine,N,1.0
2024-10-28T15:37:26,codecarbon,652cb12f-d4e7-44b4-a566-ff0b6a1e7afa,5b0fa12a-3dd7-45bb-9766-cc326314d9f1,18.74363048898521,0.0004480301326272,2.390306044981944e-05,42.5,308.97627225915545,11.628275871276855,0.0002212764437641,0.0016039512831609,6.050828201171163e-05,0.0018857360089368,United Kingdom,GBR,,,,Linux-6.8.0-36-generic-x86_64-with-glibc2.35,3.10.12,2.7.1,40,Intel(R) Xeon(R) Silver 4210 CPU @ 2.20GHz,4,4 x NVIDIA GeForce RTX 2080 Ti,-0.1224,51.4964,31.00873565673828,machine,N,1.0
2024-10-28T15:38:55,codecarbon,1a672ddc-f1f8-4205-bd28-7efe6bfe196f,5b0fa12a-3dd7-45bb-9766-cc326314d9f1,0.0497300799470394,2.6961904636650685e-07,5.421649163919306e-06,42.5,32.47066994838018,11.628275871276855,5.854611698143547e-07,4.058336582346556e-07,1.4351800573751545e-07,1.1348128337865258e-06,United Kingdom,GBR,,,,Linux-6.8.0-36-generic-x86_64-with-glibc2.35,3.10.12,2.7.1,40,Intel(R) Xeon(R) Silver 4210 CPU @ 2.20GHz,4,4 x NVIDIA GeForce RTX 2080 Ti,-0.1224,51.4964,31.00873565673828,machine,N,1.0
2024-10-28T15:39:02,codecarbon,43dddf24-42f2-48c3-b6a9-a0c76c5da17f,5b0fa12a-3dd7-45bb-9766-cc326314d9f1,0.0501356800086796,2.1218991178225485e-07,4.232313429188952e-06,42.5,12.491884193613632,11.628275871276855,5.905241837252915e-07,1.5750012583026773e-07,1.450722217748259e-07,8.930965313303851e-07,United Kingdom,GBR,,,,Linux-6.8.0-36-generic-x86_64-with-glibc2.35,3.10.12,2.7.1,40,Intel(R) Xeon(R) Silver 4210 CPU @ 2.20GHz,4,4 x NVIDIA GeForce RTX 2080 Ti,-0.1224,51.4964,31.00873565673828,machine,N,1.0
2024-10-28T15:39:11,codecarbon,01f0ba94-f642-4f5f-a4f4-76edec228eca,5b0fa12a-3dd7-45bb-9766-cc326314d9f1,0.3709282480413094,6.425888751235307e-06,1.7323805305115696e-05,42.5,210.8554381192092,11.628275871276855,4.377374401519774e-06,2.1485850521862915e-05,1.1830135440350273e-06,2.704623846741772e-05,United Kingdom,GBR,,,,Linux-6.8.0-36-generic-x86_64-with-glibc2.35,3.10.12,2.7.1,40,Intel(R) Xeon(R) Silver 4210 CPU @ 2.20GHz,4,4 x NVIDIA GeForce RTX 2080 Ti,-0.1224,51.4964,31.00873565673828,machine,N,1.0
2024-10-28T15:40:10,codecarbon,9689a934-22aa-49fa-b733-1de0d0c1c0b2,5b0fa12a-3dd7-45bb-9766-cc326314d9f1,0.043085443903692,2.5207442321074297e-07,5.850570410141284e-06,42.5,39.96818860973482,11.628275871276855,5.072872710621192e-07,4.300003437762712e-07,1.236807936769153e-07,1.0609684085153057e-06,United Kingdom,GBR,,,,Linux-6.8.0-36-generic-x86_64-with-glibc2.35,3.10.12,2.7.1,40,Intel(R) Xeon(R) Silver 4210 CPU @ 2.20GHz,4,4 x NVIDIA GeForce RTX 2080 Ti,-0.1224,51.4964,31.00873565673828,machine,N,1.0
2024-10-28T15:40:17,codecarbon,68cdda32-8bdf-435f-9850-4dce737330fa,5b0fa12a-3dd7-45bb-9766-cc326314d9f1,0.0421578100649639,2.132602306223668e-07,5.058617378220993e-06,42.5,26.642264802237342,11.628275871276855,4.964199627769026e-07,2.802780025845664e-07,1.2090348345294074e-07,8.976014488144096e-07,United Kingdom,GBR,,,,Linux-6.8.0-36-generic-x86_64-with-glibc2.35,3.10.12,2.7.1,40,Intel(R) Xeon(R) Silver 4210 CPU @ 2.20GHz,4,4 x NVIDIA GeForce RTX 2080 Ti,-0.1224,51.4964,31.00873565673828,machine,N,1.0
2024-10-28T15:40:35,codecarbon,68cdda32-8bdf-435f-9850-4dce737330fa,5b0fa12a-3dd7-45bb-9766-cc326314d9f1,18.80671138397884,0.0004508978375789,2.397536859969626e-05,42.5,309.85997801811374,11.628275871276855,0.0002220209959402,0.0016150665698302,6.0718467248745694e-05,0.0018978060330191,United Kingdom,GBR,,,,Linux-6.8.0-36-generic-x86_64-with-glibc2.35,3.10.12,2.7.1,40,Intel(R) Xeon(R) Silver 4210 CPU @ 2.20GHz,4,4 x NVIDIA GeForce RTX 2080 Ti,-0.1224,51.4964,31.00873565673828,machine,N,1.0
2024-10-28T15:41:10,codecarbon,eb2d9034-a902-459d-b560-7876a0f675d1,5b0fa12a-3dd7-45bb-9766-cc326314d9f1,1.1722043349873277,1.0653958784323138e-05,9.088823907512948e-06,42.5,83.9398833642727,11.628275871276855,1.3837141099631683e-05,2.7233632897250004e-05,3.771195893656752e-06,4.484196989053844e-05,United Kingdom,GBR,,,,Linux-6.8.0-36-generic-x86_64-with-glibc2.35,3.10.12,2.7.1,40,Intel(R) Xeon(R) Silver 4210 CPU @ 2.20GHz,4,4 x NVIDIA GeForce RTX 2080 Ti,-0.1224,51.4964,31.00873565673828,machine,N,1.0
2024-10-28T15:41:16,codecarbon,87d62b8a-dd54-4a84-8045-4845b45af7be,5b0fa12a-3dd7-45bb-9766-cc326314d9f1,0.0193043530452996,4.76157647572797e-07,2.466581741721383e-05,42.5,413.5628508693389,11.628275871276855,2.265880180251164e-07,1.7347236100917485e-06,4.281165862114485e-08,2.0041232867380096e-06,United Kingdom,GBR,,,,Linux-6.8.0-36-generic-x86_64-with-glibc2.35,3.10.12,2.7.1,40,Intel(R) Xeon(R) Silver 4210 CPU @ 2.20GHz,4,4 x NVIDIA GeForce RTX 2080 Ti,-0.1224,51.4964,31.00873565673828,machine,N,1.0
2024-10-28T15:41:17,codecarbon,87d62b8a-dd54-4a84-8045-4845b45af7be,5b0fa12a-3dd7-45bb-9766-cc326314d9f1,0.9827286989893764,1.4346650747902495e-05,1.4598790859223282e-05,42.5,164.77692256014686,11.628275871276855,1.1599297932358846e-05,4.564475873847229e-05,3.1402656164064712e-06,6.038432228723761e-05,United Kingdom,GBR,,,,Linux-6.8.0-36-generic-x86_64-with-glibc2.35,3.10.12,2.7.1,40,Intel(R) Xeon(R) Silver 4210 CPU @ 2.20GHz,4,4 x NVIDIA GeForce RTX 2080 Ti,-0.1224,51.4964,31.00873565673828,machine,N,1.0
2024-10-28T15:42:09,codecarbon,4fb504f3-d7a8-4e4b-b3a4-5ee9566e1a9c,5b0fa12a-3dd7-45bb-9766-cc326314d9f1,0.0201264730421826,7.32051069582343e-08,3.637254615093532e-06,42.5,5.261231175931976,11.628275871276855,2.363868782898256e-07,2.2777796093720333e-08,4.8951892285089e-08,3.081165666686349e-07,United Kingdom,GBR,,,,Linux-6.8.0-36-generic-x86_64-with-glibc2.35,3.10.12,2.7.1,40,Intel(R) Xeon(R) Silver 4210 CPU @ 2.20GHz,4,4 x NVIDIA GeForce RTX 2080 Ti,-0.1224,51.4964,31.00873565673828,machine,N,1.0
2024-10-28T15:42:17,codecarbon,2ce76744-df6d-4a75-aa11-defb6af8d8b6,5b0fa12a-3dd7-45bb-9766-cc326314d9f1,0.0185768650844693,6.214632332637647e-08,3.345361181437024e-06,42.5,0.0,11.628275871276855,2.1812571350084105e-07,0.0,4.344499611272053e-08,2.615707096135616e-07,United Kingdom,GBR,,,,Linux-6.8.0-36-generic-x86_64-with-glibc2.35,3.10.12,2.7.1,40,Intel(R) Xeon(R) Silver 4210 CPU @ 2.20GHz,4,4 x NVIDIA GeForce RTX 2080 Ti,-0.1224,51.4964,31.00873565673828,machine,N,1.0
2024-10-29T15:47:37,codecarbon,ee4590c0-ba8c-48b4-898a-d965dd76ed93,5b0fa12a-3dd7-45bb-9766-cc326314d9f1,3.6283118299907073,3.706692608493229e-05,1.021602547458751e-05,42.5,100.81563468093408,11.628275871276855,4.2833056348899845e-05,0.000101477025626,1.1702722005621408e-05,0.0001560128039805,United Kingdom,GBR,,,,Linux-6.8.0-36-generic-x86_64-with-glibc2.35,3.10.12,2.7.1,40,Intel(R) Xeon(R) Silver 4210 CPU @ 2.20GHz,4,4 x NVIDIA GeForce RTX 2080 Ti,-0.1224,51.4964,31.00873565673828,machine,N,1.0
2024-10-29T15:47:46,codecarbon,2ad5a2db-9f85-4145-99a3-338d297440b8,5b0fa12a-3dd7-45bb-9766-cc326314d9f1,0.0506960609927773,2.041185384636801e-07,4.026319490438533e-06,42.5,10.09335484324286,11.628275871276855,5.972319824245966e-07,1.22500098065359e-07,1.393924516377106e-07,8.591245321276662e-07,United Kingdom,GBR,,,,Linux-6.8.0-36-generic-x86_64-with-glibc2.35,3.10.12,2.7.1,40,Intel(R) Xeon(R) Silver 4210 CPU @ 2.20GHz,4,4 x NVIDIA GeForce RTX 2080 Ti,-0.1224,51.4964,31.00873565673828,machine,N,1.0
2024-10-29T15:48:06,codecarbon,2ad5a2db-9f85-4145-99a3-338d297440b8,5b0fa12a-3dd7-45bb-9766-cc326314d9f1,19.71441362495534,0.0004683922554446,2.375887329723662e-05,42.5,306.70402350879215,11.628275871276855,0.0002327370830026,0.0016750610622686,6.364100151000479e-05,0.0019714391467813,United Kingdom,GBR,,,,Linux-6.8.0-36-generic-x86_64-with-glibc2.35,3.10.12,2.7.1,40,Intel(R) Xeon(R) Silver 4210 CPU @ 2.20GHz,4,4 x NVIDIA GeForce RTX 2080 Ti,-0.1224,51.4964,31.00873565673828,machine,N,1.0
2024-10-29T15:57:04,codecarbon,feb95b85-9a53-4da2-bb40-85cb024108c0,5b0fa12a-3dd7-45bb-9766-cc326314d9f1,0.053089644992724,2.051987567732195e-07,3.86513710538735e-06,42.5,6.200473682273932,11.628275871276855,6.255976871115207e-07,8.333340018040759e-08,1.547400286823781e-07,8.636711159743064e-07,United Kingdom,GBR,,,,Linux-6.8.0-36-generic-x86_64-with-glibc2.35,3.10.12,2.7.1,40,Intel(R) Xeon(R) Silver 4210 CPU @ 2.20GHz,4,4 x NVIDIA GeForce RTX 2080 Ti,-0.1224,51.4964,31.00873565673828,machine,N,1.0
2024-10-29T15:57:23,codecarbon,feb95b85-9a53-4da2-bb40-85cb024108c0,5b0fa12a-3dd7-45bb-9766-cc326314d9f1,18.545988247031342,0.000431750452912,2.32799917244168e-05,42.5,299.5214542594879,11.628275871276855,0.0002189433168971,0.0015383973418279,5.9875007454841633e-05,0.0018172156661799,United Kingdom,GBR,,,,Linux-6.8.0-36-generic-x86_64-with-glibc2.35,3.10.12,2.7.1,40,Intel(R) Xeon(R) Silver 4210 CPU @ 2.20GHz,4,4 x NVIDIA GeForce RTX 2080 Ti,-0.1224,51.4964,31.00873565673828,machine,N,1.0
2024-10-31T16:03:44,codecarbon,4f746292-725e-4f6c-a3df-e82e5470ae7c,5b0fa12a-3dd7-45bb-9766-cc326314d9f1,0.997177261975594,1.1444622820696473e-05,1.1477019439876258e-05,42.5,120.38858321362076,11.628275871276855,1.1769934628925213e-05,3.319697100145902e-05,3.202928918759341e-06,4.816983454914357e-05,United Kingdom,GBR,,,,Linux-6.8.0-36-generic-x86_64-with-glibc2.35,3.10.12,2.7.1,40,Intel(R) Xeon(R) Silver 4210 CPU @ 2.20GHz,4,4 x NVIDIA GeForce RTX 2080 Ti,-0.1224,51.4964,31.00873565673828,machine,N,1.0
2024-10-31T16:03:49,codecarbon,76b216f2-9b29-45c1-9495-229750bdda6f,5b0fa12a-3dd7-45bb-9766-cc326314d9f1,0.051437470014207,2.92690549327052e-07,5.690220558013656e-06,42.5,36.138064256010594,11.628275871276855,6.060568714423829e-07,4.747226025614282e-07,1.5114014065449388e-07,1.231919614658305e-06,United Kingdom,GBR,,,,Linux-6.8.0-36-generic-x86_64-with-glibc2.35,3.10.12,2.7.1,40,Intel(R) Xeon(R) Silver 4210 CPU @ 2.20GHz,4,4 x NVIDIA GeForce RTX 2080 Ti,-0.1224,51.4964,31.00873565673828,machine,N,1.0
2024-10-31T16:03:55,codecarbon,76b216f2-9b29-45c1-9495-229750bdda6f,5b0fa12a-3dd7-45bb-9766-cc326314d9f1,5.2560452540637925,0.0001034820251728,1.968819143877936e-05,42.5,246.50241086218853,11.628275871276855,6.20480583169006e-05,0.0003565552852444,1.694722979385368e-05,0.0004355505733552,United Kingdom,GBR,,,,Linux-6.8.0-36-generic-x86_64-with-glibc2.35,3.10.12,2.7.1,40,Intel(R) Xeon(R) Silver 4210 CPU @ 2.20GHz,4,4 x NVIDIA GeForce RTX 2080 Ti,-0.1224,51.4964,31.00873565673828,machine,N,1.0
2024-10-31T16:05:02,codecarbon,0c3f4e2e-1abf-45bb-8fae-55e23a57aae5,5b0fa12a-3dd7-45bb-9766-cc326314d9f1,3.656707608955912,4.26442433188467e-05,1.1661923205017415e-05,42.5,122.7475926390934,11.628275871276855,4.316818727844899e-05,0.0001245242662859,1.1794994587014202e-05,0.0001794874481514,United Kingdom,GBR,,,,Linux-6.8.0-36-generic-x86_64-with-glibc2.35,3.10.12,2.7.1,40,Intel(R) Xeon(R) Silver 4210 CPU @ 2.20GHz,4,4 x NVIDIA GeForce RTX 2080 Ti,-0.1224,51.4964,31.00873565673828,machine,N,1.0
2024-10-31T16:05:06,codecarbon,4c1689e4-707f-47f6-9c71-355067210a64,5b0fa12a-3dd7-45bb-9766-cc326314d9f1,0.0530603890074417,5.472861518038762e-07,1.0314401421503329e-05,42.5,112.04664429320565,11.628275871276855,6.252348538611033e-07,1.5219456619419702e-06,1.563190224915285e-07,2.303499538294602e-06,United Kingdom,GBR,,,,Linux-6.8.0-36-generic-x86_64-with-glibc2.35,3.10.12,2.7.1,40,Intel(R) Xeon(R) Silver 4210 CPU @ 2.20GHz,4,4 x NVIDIA GeForce RTX 2080 Ti,-0.1224,51.4964,31.00873565673828,machine,N,1.0
2024-10-31T16:05:12,codecarbon,4c1689e4-707f-47f6-9c71-355067210a64,5b0fa12a-3dd7-45bb-9766-cc326314d9f1,6.156849347986281,0.0001253125050264,2.035334924467601e-05,42.5,255.82507617872207,11.628275871276855,7.268263301173445e-05,0.0004348975701393,1.98537480268568e-05,0.0005274339511779,United Kingdom,GBR,,,,Linux-6.8.0-36-generic-x86_64-with-glibc2.35,3.10.12,2.7.1,40,Intel(R) Xeon(R) Silver 4210 CPU @ 2.20GHz,4,4 x NVIDIA GeForce RTX 2080 Ti,-0.1224,51.4964,31.00873565673828,machine,N,1.0
2024-10-31T16:07:05,codecarbon,9cb59081-e5d7-4a40-806e-768894298459,5b0fa12a-3dd7-45bb-9766-cc326314d9f1,0.0428979690186679,1.5248029545490178e-07,3.554487518710893e-06,42.5,1.3572482940554889,11.628275871276855,5.051790480340262e-07,1.4444455409545752e-08,1.2215829392457956e-07,6.417817973681515e-07,United Kingdom,GBR,,,,Linux-6.8.0-36-generic-x86_64-with-glibc2.35,3.10.12,2.7.1,40,Intel(R) Xeon(R) Silver 4210 CPU @ 2.20GHz,4,4 x NVIDIA GeForce RTX 2080 Ti,-0.1224,51.4964,31.00873565673828,machine,N,1.0
2024-10-31T16:07:10,codecarbon,9cb59081-e5d7-4a40-806e-768894298459,5b0fa12a-3dd7-45bb-9766-cc326314d9f1,5.107128827017732,0.0001123557339394,2.199978456486795e-05,42.5,281.8531358931718,11.628275871276855,6.028979335452378e-05,0.0003961458724708,1.646389576805477e-05,0.0004728995615934,United Kingdom,GBR,,,,Linux-6.8.0-36-generic-x86_64-with-glibc2.35,3.10.12,2.7.1,40,Intel(R) Xeon(R) Silver 4210 CPU @ 2.20GHz,4,4 x NVIDIA GeForce RTX 2080 Ti,-0.1224,51.4964,31.00873565673828,machine,N,1.0
2024-10-31T16:16:35,codecarbon,8c9b1ede-275c-45be-ba1e-41915ede447a,5b0fa12a-3dd7-45bb-9766-cc326314d9f1,0.0498131290078163,1.7369502673576745e-07,3.486932666055017e-06,42.5,0.0,11.628275871276855,5.865891312067914e-07,0.0,1.4448438960337846e-07,7.310735208101699e-07,United Kingdom,GBR,,,,Linux-6.8.0-36-generic-x86_64-with-glibc2.35,3.10.12,2.7.1,40,Intel(R) Xeon(R) Silver 4210 CPU @ 2.20GHz,4,4 x NVIDIA GeForce RTX 2080 Ti,-0.1224,51.4964,31.00873565673828,machine,N,1.0
2024-10-31T16:16:40,codecarbon,8c9b1ede-275c-45be-ba1e-41915ede447a,5b0fa12a-3dd7-45bb-9766-cc326314d9f1,5.134903564932756,0.000113018143452,2.2009788893390804e-05,42.5,282.36007208782337,11.628275871276855,6.0617879257592406e-05,0.0003985147632556,1.65549669807939e-05,0.000475687609494,United Kingdom,GBR,,,,Linux-6.8.0-36-generic-x86_64-with-glibc2.35,3.10.12,2.7.1,40,Intel(R) Xeon(R) Silver 4210 CPU @ 2.20GHz,4,4 x NVIDIA GeForce RTX 2080 Ti,-0.1224,51.4964,31.00873565673828,machine,N,1.0
2024-10-31T16:17:37,codecarbon,4240cdb4-0cf3-45e0-9caa-5d85dad233e1,5b0fa12a-3dd7-45bb-9766-cc326314d9f1,0.0457934390287846,2.950280967181026e-07,6.442584417664181e-06,42.5,50.08771542712125,11.628275871276855,5.395118811672244e-07,5.711115678153078e-07,1.311347835875895e-07,1.2417582325701216e-06,United Kingdom,GBR,,,,Linux-6.8.0-36-generic-x86_64-with-glibc2.35,3.10.12,2.7.1,40,Intel(R) Xeon(R) Silver 4210 CPU @ 2.20GHz,4,4 x NVIDIA GeForce RTX 2080 Ti,-0.1224,51.4964,31.00873565673828,machine,N,1.0
2024-10-31T16:17:42,codecarbon,4240cdb4-0cf3-45e0-9caa-5d85dad233e1,5b0fa12a-3dd7-45bb-9766-cc326314d9f1,5.046257999958471,0.0001116841826033,2.2132079375309267e-05,42.5,283.63593721796605,11.628275871276855,5.95717872566537e-05,0.0003942322598309,1.6268989136191452e-05,0.0004700730362237,United Kingdom,GBR,,,,Linux-6.8.0-36-generic-x86_64-with-glibc2.35,3.10.12,2.7.1,40,Intel(R) Xeon(R) Silver 4210 CPU @ 2.20GHz,4,4 x NVIDIA GeForce RTX 2080 Ti,-0.1224,51.4964,31.00873565673828,machine,N,1.0
2024-10-31T16:19:39,codecarbon,3babd03f-1a9c-4183-9971-2db1e7e3985d,5b0fa12a-3dd7-45bb-9766-cc326314d9f1,0.0499551219400018,1.8447212618567644e-07,3.692756999116828e-06,42.5,3.438620611899357,11.628275871276855,5.88364922926606e-07,4.33333680049941e-08,1.44735492558698e-07,7.764337834902982e-07,United Kingdom,GBR,,,,Linux-6.8.0-36-generic-x86_64-with-glibc2.35,3.10.12,2.7.1,40,Intel(R) Xeon(R) Silver 4210 CPU @ 2.20GHz,4,4 x NVIDIA GeForce RTX 2080 Ti,-0.1224,51.4964,31.00873565673828,machine,N,1.0
2024-10-31T16:19:44,codecarbon,3babd03f-1a9c-4183-9971-2db1e7e3985d,5b0fa12a-3dd7-45bb-9766-cc326314d9f1,5.090598411974497,0.0001115553381794,2.191399304197004e-05,42.5,280.89252771591106,11.628275871276855,6.00948700786426e-05,0.0003930239255307,1.6411940996559386e-05,0.0004695307366059,United Kingdom,GBR,,,,Linux-6.8.0-36-generic-x86_64-with-glibc2.35,3.10.12,2.7.1,40,Intel(R) Xeon(R) Silver 4210 CPU @ 2.20GHz,4,4 x NVIDIA GeForce RTX 2080 Ti,-0.1224,51.4964,31.00873565673828,machine,N,1.0
2024-10-31T16:23:43,codecarbon,709e6c57-737a-4df5-901d-56c3b9eaf385,5b0fa12a-3dd7-45bb-9766-cc326314d9f1,0.0440605790354311,1.5180402710144886e-07,3.445347982816481e-06,42.5,0.0,11.628275871276855,5.188057644570816e-07,0.0,1.2012965385541954e-07,6.389354183125011e-07,United Kingdom,GBR,,,,Linux-6.8.0-36-generic-x86_64-with-glibc2.35,3.10.12,2.7.1,40,Intel(R) Xeon(R) Silver 4210 CPU @ 2.20GHz,4,4 x NVIDIA GeForce RTX 2080 Ti,-0.1224,51.4964,31.00873565673828,machine,N,1.0
2024-10-31T16:23:48,codecarbon,709e6c57-737a-4df5-901d-56c3b9eaf385,5b0fa12a-3dd7-45bb-9766-cc326314d9f1,5.048500417964533,0.0001111448985757,2.2015428221075727e-05,42.5,282.2392503122242,11.628275871276855,5.9597631131166255e-05,0.0003919397579945,1.6265828092950034e-05,0.0004678032172186,United Kingdom,GBR,,,,Linux-6.8.0-36-generic-x86_64-with-glibc2.35,3.10.12,2.7.1,40,Intel(R) Xeon(R) Silver 4210 CPU @ 2.20GHz,4,4 x NVIDIA GeForce RTX 2080 Ti,-0.1224,51.4964,31.00873565673828,machine,N,1.0
2024-10-31T16:24:33,codecarbon,2aae1471-bd60-4a0f-9b90-319cab081f11,5b0fa12a-3dd7-45bb-9766-cc326314d9f1,0.0522314920090138,2.79488998362698e-07,5.350967158174706e-06,42.5,31.10190735718804,11.628275871276855,6.149330071315894e-07,4.102781065995488e-07,1.511438453060983e-07,1.1763549590372365e-06,United Kingdom,GBR,,,,Linux-6.8.0-36-generic-x86_64-with-glibc2.35,3.10.12,2.7.1,40,Intel(R) Xeon(R) Silver 4210 CPU @ 2.20GHz,4,4 x NVIDIA GeForce RTX 2080 Ti,-0.1224,51.4964,31.00873565673828,machine,N,1.0
2024-10-31T16:24:38,codecarbon,2aae1471-bd60-4a0f-9b90-319cab081f11,5b0fa12a-3dd7-45bb-9766-cc326314d9f1,5.101967277936637,0.0001122140281415,2.199426653064764e-05,42.5,281.97199861479453,11.628275871276855,6.0228685343625126e-05,0.0003956261498343,1.6448293929775368e-05,0.0004723031291077,United Kingdom,GBR,,,,Linux-6.8.0-36-generic-x86_64-with-glibc2.35,3.10.12,2.7.1,40,Intel(R) Xeon(R) Silver 4210 CPU @ 2.20GHz,4,4 x NVIDIA GeForce RTX 2080 Ti,-0.1224,51.4964,31.00873565673828,machine,N,1.0
2024-10-31T16:26:43,codecarbon,04384de2-b156-43d3-94ce-fb2621327e09,5b0fa12a-3dd7-45bb-9766-cc326314d9f1,0.0550821529468521,2.382593570208309e-07,4.325527312825321e-06,42.5,13.73970273361004,11.628275871276855,6.491161463297127e-07,1.925001544833549e-07,1.6120519774465482e-07,1.0028214985577225e-06,United Kingdom,GBR,,,,Linux-6.8.0-36-generic-x86_64-with-glibc2.35,3.10.12,2.7.1,40,Intel(R) Xeon(R) Silver 4210 CPU @ 2.20GHz,4,4 x NVIDIA GeForce RTX 2080 Ti,-0.1224,51.4964,31.00873565673828,machine,N,1.0
2024-10-31T16:26:48,codecarbon,04384de2-b156-43d3-94ce-fb2621327e09,5b0fa12a-3dd7-45bb-9766-cc326314d9f1,5.199568351963535,0.0001125647889801,2.164887186022388e-05,42.5,276.9525575283943,11.628275871276855,6.13815246064203e-05,0.0003956347609523,1.676317805328437e-05,0.000473779463612,United Kingdom,GBR,,,,Linux-6.8.0-36-generic-x86_64-with-glibc2.35,3.10.12,2.7.1,40,Intel(R) Xeon(R) Silver 4210 CPU @ 2.20GHz,4,4 x NVIDIA GeForce RTX 2080 Ti,-0.1224,51.4964,31.00873565673828,machine,N,1.0
2024-10-31T16:27:51,codecarbon,d300c5fe-582d-459a-a7d4-36ca5e789085,5b0fa12a-3dd7-45bb-9766-cc326314d9f1,0.0478674219921231,2.1967035350618325e-07,4.589141097724698e-06,42.5,19.124734976451258,11.628275871276855,5.635615215901959e-07,2.258335136673395e-07,1.3518629429132106e-07,9.245813295488564e-07,United Kingdom,GBR,,,,Linux-6.8.0-36-generic-x86_64-with-glibc2.35,3.10.12,2.7.1,40,Intel(R) Xeon(R) Silver 4210 CPU @ 2.20GHz,4,4 x NVIDIA GeForce RTX 2080 Ti,-0.1224,51.4964,31.00873565673828,machine,N,1.0
2024-10-31T16:27:56,codecarbon,d300c5fe-582d-459a-a7d4-36ca5e789085,5b0fa12a-3dd7-45bb-9766-cc326314d9f1,5.111328210914508,0.0001132744492649,2.2161450916631955e-05,42.5,284.4359985066546,11.628275871276855,6.033952226110463e-05,0.0003999514310715,1.647543427361037e-05,0.0004767663876062,United Kingdom,GBR,,,,Linux-6.8.0-36-generic-x86_64-with-glibc2.35,3.10.12,2.7.1,40,Intel(R) Xeon(R) Silver 4210 CPU @ 2.20GHz,4,4 x NVIDIA GeForce RTX 2080 Ti,-0.1224,51.4964,31.00873565673828,machine,N,1.0
2024-11-01T15:28:51,codecarbon,5ce20ce2-ac23-4f93-925d-8255bf633ded,5b0fa12a-3dd7-45bb-9766-cc326314d9f1,926.0359388210344,0.008008578569104,8.648237323596746e-06,42.5,82.20487897020857,11.628275871276855,0.0109321899720849,0.019785632217383,0.0029898771110216,0.0337076993004896,United Kingdom,GBR,,,,Linux-6.8.0-36-generic-x86_64-with-glibc2.35,3.10.12,2.7.2,40,Intel(R) Xeon(R) Silver 4210 CPU @ 2.20GHz,4,4 x NVIDIA GeForce RTX 2080 Ti,-0.1224,51.4964,31.00873565673828,machine,N,1.0
2024-11-01T15:29:09,codecarbon,71b1db82-4ff8-431d-b23f-5855671f3d55,5b0fa12a-3dd7-45bb-9766-cc326314d9f1,0.0484800579724833,2.6691493117236066e-07,5.505664438847375e-06,42.5,34.75313086021306,11.628275871276855,5.685681405237929e-07,4.183336690388728e-07,1.36529541099026e-07,1.1234313506616917e-06,United Kingdom,GBR,,,,Linux-6.8.0-36-generic-x86_64-with-glibc2.35,3.10.12,2.7.2,40,Intel(R) Xeon(R) Silver 4210 CPU @ 2.20GHz,4,4 x NVIDIA GeForce RTX 2080 Ti,-0.1224,51.4964,31.00873565673828,machine,N,1.0
2024-11-01T15:29:29,codecarbon,71b1db82-4ff8-431d-b23f-5855671f3d55,5b0fa12a-3dd7-45bb-9766-cc326314d9f1,19.566064339946024,0.0004312622711004,2.2041339720014243e-05,42.5,280.53014200949355,11.628275871276855,0.0002309836551787,0.0015210117723629,6.316550625738693e-05,0.0018151609337991,United Kingdom,GBR,,,,Linux-6.8.0-36-generic-x86_64-with-glibc2.35,3.10.12,2.7.2,40,Intel(R) Xeon(R) Silver 4210 CPU @ 2.20GHz,4,4 x NVIDIA GeForce RTX 2080 Ti,-0.1224,51.4964,31.00873565673828,machine,N,1.0
2024-11-01T15:34:00,codecarbon,5418b6f5-1688-4800-8301-d38a48617ddc,5b0fa12a-3dd7-45bb-9766-cc326314d9f1,0.0540676059899851,2.0140085119081565e-07,3.7249818537946864e-06,42.5,3.833059600496613,11.628275871276855,6.368205665947042e-07,5.2777820336302745e-08,1.5808753788375997e-07,8.476859248147668e-07,United Kingdom,GBR,,,,Linux-6.8.0-36-generic-x86_64-with-glibc2.35,3.10.12,2.7.2,40,Intel(R) Xeon(R) Silver 4210 CPU @ 2.20GHz,4,4 x NVIDIA GeForce RTX 2080 Ti,-0.1224,51.4964,31.00873565673828,machine,N,1.0
2024-11-01T15:35:59,codecarbon,a1050d9b-2483-4b9e-a160-a4d23031d641,5b0fa12a-3dd7-45bb-9766-cc326314d9f1,6.396579756052233,5.923800055773846e-05,9.260886726486825e-06,42.5,86.26222420106518,11.628275871276855,7.551393279160645e-05,0.0001531706780903,2.064511632648836e-05,0.0002493297272084,United Kingdom,GBR,,,,Linux-6.8.0-36-generic-x86_64-with-glibc2.35,3.10.12,2.7.2,40,Intel(R) Xeon(R) Silver 4210 CPU @ 2.20GHz,4,4 x NVIDIA GeForce RTX 2080 Ti,-0.1224,51.4964,31.00873565673828,machine,N,1.0
2024-11-01T15:36:08,codecarbon,2a6821c4-d295-4651-a999-801514b7d885,5b0fa12a-3dd7-45bb-9766-cc326314d9f1,0.0438902720343321,1.884066019882437e-07,4.292673370556167e-06,42.5,14.226738474784495,11.628275871276855,5.166811413396823e-07,1.5305567835355305e-07,1.2325697205740846e-07,7.929937917506438e-07,United Kingdom,GBR,,,,Linux-6.8.0-36-generic-x86_64-with-glibc2.35,3.10.12,2.7.2,40,Intel(R) Xeon(R) Silver 4210 CPU @ 2.20GHz,4,4 x NVIDIA GeForce RTX 2080 Ti,-0.1224,51.4964,31.00873565673828,machine,N,1.0
2024-11-01T15:36:28,codecarbon,2a6821c4-d295-4651-a999-801514b7d885,5b0fa12a-3dd7-45bb-9766-cc326314d9f1,19.34959341795184,0.000431797012497,2.231555997948924e-05,42.5,284.6876333003487,11.628275871276855,0.000228430075131,0.0015265142767644,6.24672812063532e-05,0.0018174116331018,United Kingdom,GBR,,,,Linux-6.8.0-36-generic-x86_64-with-glibc2.35,3.10.12,2.7.2,40,Intel(R) Xeon(R) Silver 4210 CPU @ 2.20GHz,4,4 x NVIDIA GeForce RTX 2080 Ti,-0.1224,51.4964,31.00873565673828,machine,N,1.0
2024-11-01T15:37:47,codecarbon,817aba99-1ef5-45be-8002-84acc58a4636,5b0fa12a-3dd7-45bb-9766-cc326314d9f1,0.0650419830344617,3.247454939297776e-07,4.992859669695418e-06,42.5,24.81088632276004,11.628275871276855,7.645448015763476e-07,4.1166699560335474e-07,1.906254466732437e-07,1.366837243852946e-06,United Kingdom,GBR,,,,Linux-6.8.0-36-generic-x86_64-with-glibc2.35,3.10.12,2.7.2,40,Intel(R) Xeon(R) Silver 4210 CPU @ 2.20GHz,4,4 x NVIDIA GeForce RTX 2080 Ti,-0.1224,51.4964,31.00873565673828,machine,N,1.0
2024-11-01T15:38:06,codecarbon,817aba99-1ef5-45be-8002-84acc58a4636,5b0fa12a-3dd7-45bb-9766-cc326314d9f1,18.55694683000911,0.0004232303979723,2.280711379136552e-05,42.5,292.4690604755233,11.628275871276855,0.0002190705685668,0.0015023787019003,5.990591841917608e-05,0.0017813551888864,United Kingdom,GBR,,,,Linux-6.8.0-36-generic-x86_64-with-glibc2.35,3.10.12,2.7.2,40,Intel(R) Xeon(R) Silver 4210 CPU @ 2.20GHz,4,4 x NVIDIA GeForce RTX 2080 Ti,-0.1224,51.4964,31.00873565673828,machine,N,1.0
2024-11-01T15:40:44,codecarbon,e7107455-2e3c-49d3-949a-94178518031e,5b0fa12a-3dd7-45bb-9766-cc326314d9f1,5.033078458975069,4.660779851882114e-05,9.260296436609158e-06,42.5,86.27372379397218,11.628275871276855,5.941691992557026e-05,0.0001205142630773,1.623866711143801e-05,0.0001961698501143,United Kingdom,GBR,,,,Linux-6.8.0-36-generic-x86_64-with-glibc2.35,3.10.12,2.7.2,40,Intel(R) Xeon(R) Silver 4210 CPU @ 2.20GHz,4,4 x NVIDIA GeForce RTX 2080 Ti,-0.1224,51.4964,31.00873565673828,machine,N,1.0
2024-11-01T15:40:54,codecarbon,9f230dc6-3684-4692-8930-50579325b36d,5b0fa12a-3dd7-45bb-9766-cc326314d9f1,0.0582620870554819,6.33529278583367e-07,1.087378277369412e-05,42.5,120.11205403998306,11.628275871276855,6.863258187271034e-07,1.806945890692191e-06,1.7322075691276241e-07,2.6664924663320566e-06,United Kingdom,GBR,,,,Linux-6.8.0-36-generic-x86_64-with-glibc2.35,3.10.12,2.7.2,40,Intel(R) Xeon(R) Silver 4210 CPU @ 2.20GHz,4,4 x NVIDIA GeForce RTX 2080 Ti,-0.1224,51.4964,31.00873565673828,machine,N,1.0
2024-11-01T15:41:28,codecarbon,cd4c6c98-ec3a-40d8-901f-ca86522e72b0,5b0fa12a-3dd7-45bb-9766-cc326314d9f1,0.0461678520077839,1.806888831946244e-07,3.913738138914499e-06,42.5,7.297614169065244,11.628275871276855,5.438683677412984e-07,8.416673491495885e-08,1.3247520377469866e-07,7.605103064309558e-07,United Kingdom,GBR,,,,Linux-6.8.0-36-generic-x86_64-with-glibc2.35,3.10.12,2.7.2,40,Intel(R) Xeon(R) Silver 4210 CPU @ 2.20GHz,4,4 x NVIDIA GeForce RTX 2080 Ti,-0.1224,51.4964,31.00873565673828,machine,N,1.0
2024-11-01T15:41:34,codecarbon,cd4c6c98-ec3a-40d8-901f-ca86522e72b0,5b0fa12a-3dd7-45bb-9766-cc326314d9f1,5.864893266931176,0.0001185572022952,2.0214724616343816e-05,42.5,254.32794968960627,11.628275871276855,6.923621229232394e-05,0.0004108528286828,1.891218507179449e-05,0.0004990012260469,United Kingdom,GBR,,,,Linux-6.8.0-36-generic-x86_64-with-glibc2.35,3.10.12,2.7.2,40,Intel(R) Xeon(R) Silver 4210 CPU @ 2.20GHz,4,4 x NVIDIA GeForce RTX 2080 Ti,-0.1224,51.4964,31.00873565673828,machine,N,1.0
2024-11-01T15:42:36,codecarbon,14ac5928-5318-49ae-b14e-8c0bc0c32b3f,5b0fa12a-3dd7-45bb-9766-cc326314d9f1,0.04463592893444,2.317294121836343e-07,5.191544518407847e-06,42.5,29.13068534975152,11.628275871276855,5.257923852898077e-07,3.225002576101588e-07,1.2704465042436378e-07,9.753372933243305e-07,United Kingdom,GBR,,,,Linux-6.8.0-36-generic-x86_64-with-glibc2.35,3.10.12,2.7.2,40,Intel(R) Xeon(R) Silver 4210 CPU @ 2.20GHz,4,4 x NVIDIA GeForce RTX 2080 Ti,-0.1224,51.4964,31.00873565673828,machine,N,1.0
2024-11-01T15:42:41,codecarbon,14ac5928-5318-49ae-b14e-8c0bc0c32b3f,5b0fa12a-3dd7-45bb-9766-cc326314d9f1,4.913150392938405,0.0001072488004479,2.18289268332055e-05,42.5,279.2379601769749,11.628275871276855,5.800034387656423e-05,0.0003775689131657,1.5835481594512045e-05,0.0004514047386368,United Kingdom,GBR,,,,Linux-6.8.0-36-generic-x86_64-with-glibc2.35,3.10.12,2.7.2,40,Intel(R) Xeon(R) Silver 4210 CPU @ 2.20GHz,4,4 x NVIDIA GeForce RTX 2080 Ti,-0.1224,51.4964,31.00873565673828,machine,N,1.0
2024-11-01T15:43:46,codecarbon,2778090a-f285-41f9-b90b-1fd9cd540d02,5b0fa12a-3dd7-45bb-9766-cc326314d9f1,0.053643615101464,2.567563051749203e-07,4.786334863697743e-06,42.5,21.57254912243053,11.628275871276855,6.319646352494602e-07,2.927780107242484e-07,1.5593156526890078e-07,1.0806742112426091e-06,United Kingdom,GBR,,,,Linux-6.8.0-36-generic-x86_64-with-glibc2.35,3.10.12,2.7.2,40,Intel(R) Xeon(R) Silver 4210 CPU @ 2.20GHz,4,4 x NVIDIA GeForce RTX 2080 Ti,-0.1224,51.4964,31.00873565673828,machine,N,1.0
2024-11-01T15:44:41,codecarbon,79844d13-10a7-4994-be94-61f4c97e6147,5b0fa12a-3dd7-45bb-9766-cc326314d9f1,0.0474631729302927,2.0214281447357514e-07,4.258940184434234e-06,42.5,13.068692193237984,11.628275871276855,5.58953152843363e-07,1.5555568122493926e-07,1.3629997641355985e-07,8.508088104818621e-07,United Kingdom,GBR,,,,Linux-6.8.0-36-generic-x86_64-with-glibc2.35,3.10.12,2.7.2,40,Intel(R) Xeon(R) Silver 4210 CPU @ 2.20GHz,4,4 x NVIDIA GeForce RTX 2080 Ti,-0.1224,51.4964,31.00873565673828,machine,N,1.0
2024-11-01T15:44:46,codecarbon,79844d13-10a7-4994-be94-61f4c97e6147,5b0fa12a-3dd7-45bb-9766-cc326314d9f1,4.8631837299326435,0.00010690258223050643,2.1982015931770494e-05,42.5,281.837404668213,11.628275871276855,5.7410143934410175e-05,0.00037686002371017935,1.567735614862657e-05,0.0004499475237932161,United Kingdom,GBR,,,,Linux-6.8.0-36-generic-x86_64-with-glibc2.35,3.10.12,2.7.2,40,Intel(R) Xeon(R) Silver 4210 CPU @ 2.20GHz,4,4 x NVIDIA GeForce RTX 2080 Ti,-0.1224,51.4964,31.00873565673828,machine,N,1.0
